artist,album,track_name,track_id,release_date,popularity,danceability,energy,key,loudness,mode,speechiness,instrumentalness,liveness,valence,tempo,duration_ms,time_signature
Ed Sheeran,÷ (Deluxe),Shape of You,7qiZfU4dY1lWllzX7mPBI3,2017,85,0.825,0.652,1,-3.183,0,0.0802,0,0.0931,0.931,95.977,233713,4
The Weeknd,After Hours,Blinding Lights,0VjIjW4GlUZAMYd2vXMi3b,2020,90,0.514,0.73,1,-5.934,1,0.0598,9.54e-05,0.0897,0.334,171.005,200040,4
Tones And I,Welcome To The Madhouse (Deluxe),Dance Monkey,2N8m6CYs74qQO4mjVcXO30,2021,75,0.824,0.587,6,-6.401,0,0.0937,0.000105,0.149,0.514,98.029,209438,4
Post Malone,beerbongs & bentleys,rockstar (feat. 21 Savage),0e7ipj03S05BNilyu5bRzt,2018,84,0.585,0.52,5,-6.136,0,0.0712,7.01e-05,0.131,0.129,159.801,218147,4
Lewis Capaldi,Divinely Uninspired To A Hellish Extent,Someone You Loved,7qEHsqek33rTcFNT9PFqLf,2019,86,0.501,0.405,1,-5.679,1,0.0319,0,0.105,0.446,109.891,182161,4
Drake,Views,One Dance,12VWzyPDBCc8fqeWCAfNwR,2016,0,0.792,0.625,1,-5.609,1,0.0536,0.00188,0.329,0.37,103.967,173987,4
Post Malone,Spider-Man: Into the Spider-Verse (Soundtrack From & Inspired by the Motion Picture),Sunflower - Spider-Man: Into the Spider-Verse,3KkXRkHbMCARz0aVfEt68P,2018,82,0.76,0.479,2,-5.574,1,0.0466,0,0.0703,0.913,89.911,158040,4
The Chainsmokers,Collage EP,Closer,7crMiinWx373rNBZBaVske,2016,51,0.738,0.541,8,-5.597,1,0.0303,0,0.11,0.657,94.949,245507,4
Shawn Mendes,Shawn Mendes (Deluxe),Señorita,6v3KW9xbzN5yKLt9YKDYA2,2019,79,0.759,0.548,9,-6.049,0,0.029,0,0.0828,0.749,116.967,190800,4
Imagine Dragons,Evolve,Believer,1NtIMM4N0cFa1dNzN15chl,2017,0,0.772,0.78,10,-4.288,0,0.108,0,0.119,0.719,124.988,204347,4
Ed Sheeran,÷ (Deluxe),Perfect,0tgVpDi06FyKpA1z0VMD4v,2017,86,0.599,0.448,8,-6.312,1,0.0232,0,0.106,0.168,95.05,263400,3
Billie Eilish,"WHEN WE ALL FALL ASLEEP, WHERE DO WE GO?",bad guy,2Fxmhks0bxGSBdJ92vM42m,2019,83,0.701,0.425,7,-10.965,1,0.375,0.13,0.1,0.562,135.128,194088,4
James Arthur,Back from the Edge,Say You Won't Let Go,5uCax9HTNlzGybIStD3vDh,2016,84,0.358,0.557,10,-7.398,1,0.059,0,0.0902,0.494,85.043,211467,4
The Kid LAROI,F*CK LOVE 3: OVER YOU,STAY (with Justin Bieber),5PjdY0CKGZdEuoNab3yDmX,2021,85,0.591,0.764,1,-5.484,1,0.0483,0,0.103,0.478,169.928,141806,4
Ed Sheeran,x (Deluxe Edition),Thinking out Loud,34gCuhDGsG4bRPIf9bb02f,2014,83,0.781,0.445,2,-6.061,1,0.0295,0,0.184,0.591,78.998,281560,4
Juice WRLD,Goodbye & Good Riddance,Lucid Dreams,0s3nnoMeVWz3989MkNQiRf,2018,0,0.511,0.566,6,-7.23,0,0.2,0,0.34,0.218,83.903,239836,4
Drake,Scorpion,God's Plan,6DCZcSspjsKoFjzjrWoCdn,2018,84,0.754,0.449,7,-9.211,1,0.109,8.29e-05,0.552,0.357,77.169,198973,4
Dua Lipa,Future Nostalgia,Don't Start Now,3PfIrDoz19wz7qK7tYeu62,2020,81,0.793,0.793,11,-4.521,0,0.083,0,0.0951,0.679,123.95,183290,4
Ed Sheeran,x (Deluxe Edition),Photograph,1HNkqx9Ahdgi1Ixy2xkKkL,2014,84,0.614,0.379,4,-10.48,1,0.0476,0.000464,0.0986,0.201,107.989,258987,4
The Weeknd,Starboy,Starboy,7MXVkk9YMctZqd1Srtv4MB,2016,89,0.679,0.587,7,-7.015,1,0.276,6.35e-06,0.137,0.486,186.003,230453,4
Glass Animals,Dreamland (+ Bonus Levels),Heat Waves,02MWAaffLxlfxAUY7c5dvx,2020,87,0.761,0.525,11,-6.9,1,0.0944,6.7e-06,0.0921,0.531,80.87,238805,4
Harry Styles,Fine Line,Watermelon Sugar,6UelLqGlWMcVH1E5c4H7lY,2019,88,0.548,0.816,0,-4.209,1,0.0465,0,0.335,0.557,95.39,174000,4
"Billie Eilish, Khalid",lovely (with Khalid),lovely (with Khalid),0u2P5u6lvoDfwTYjAADbn4,2018,88,0.351,0.296,4,-10.109,0,0.0333,0,0.095,0.12,115.284,200186,4
Queen,A Night At The Opera (Deluxe Remastered Version),Bohemian Rhapsody - Remastered 2011,7tFiyTwD0nx5a1eklYtX2J,1975,72,0.392,0.402,0,-9.961,0,0.0536,0,0.243,0.228,143.883,354320,4
The Chainsmokers,Memories...Do Not Open,Something Just Like This,6RUKPb4LETWmmr3iAEQktW,2017,84,0.617,0.635,11,-6.769,0,0.0317,1.44e-05,0.164,0.446,103.019,247160,4
XXXTENTACION,?,SAD!,3ee8Jmje8o58CHK66QrVC2,2018,82,0.74,0.613,8,-4.88,1,0.145,0.00372,0.123,0.473,75.023,166606,4
"Lady Gaga, Bradley Cooper",A Star Is Born Soundtrack,Shallow,2VxeLyX666F8uXCJ0dZF8B,2018,83,0.572,0.385,7,-6.362,1,0.0308,0,0.231,0.323,95.799,215733,4
Justin Bieber,Purpose (Deluxe),Love Yourself,50kpGaPAhYJ3sGmk6vplg0,2015,83,0.609,0.378,4,-9.828,1,0.438,0,0.28,0.515,100.418,233720,4
John Legend,Love In The Future (Expanded Edition),All of Me,3U4isOIWM3VvDubwSI3y7a,2013,84,0.422,0.264,8,-7.064,1,0.0322,0,0.132,0.331,119.93,269560,4
Post Malone,Hollywood's Bleeding,Circles,21jGcNKet2qwijlDFuPiPb,2019,85,0.695,0.762,0,-3.497,1,0.0395,0.00244,0.0863,0.553,120.042,215280,4
Hozier,Hozier,Take Me to Church,0aOluBqXYd0rFSCsgDyAWX,2014,62,0.575,0.664,4,-5.303,0,0.0481,0,0.116,0.437,129.07,241693,4
Camila Cabello,Camila,Havana (feat. Young Thug),1rfofaqEpACxVEHIZBJe6W,2018,79,0.765,0.523,2,-4.333,1,0.03,3.56e-05,0.132,0.394,104.988,217307,4
Imagine Dragons,Evolve,Thunder,5VnDkUNyX6u5Sk0yZiP8XB,2017,0,0.604,0.826,0,-4.804,1,0.0434,0.15,0.154,0.241,167.985,187147,4
Ariana Grande,"thank u, next",7 rings,6ocbgoVGwYJhOv1GgI9NsF,2019,83,0.778,0.317,1,-10.732,0,0.334,0,0.0881,0.327,140.048,178627,4
XXXTENTACION,17,Jocelyn Flores,7m9OqQk4RVRkw9JJdeAw96,2017,83,0.872,0.391,0,-9.144,0,0.242,4.13e-06,0.297,0.437,134.021,119133,4
Travis Scott,Birds In The Trap Sing McKnight,goosebumps,6gBFPUFcJLzWGx4lenP6h2,2016,83,0.841,0.728,7,-3.37,1,0.0484,0,0.149,0.43,130.049,243837,4
Lil Uzi Vert,Luv Is Rage 2,XO Tour Llif3,7GX5flRQZVHRAGd6B4TmDO,2017,82,0.732,0.75,11,-6.366,0,0.231,0,0.109,0.401,155.096,182707,4
Dua Lipa,Dua Lipa (Deluxe),New Rules,2ekn2ttSfGqwhhate0LSR0,2017,80,0.762,0.7,9,-6.021,0,0.0694,1.56e-05,0.153,0.608,116.073,209320,4
Twenty One Pilots,Blurryface,Stressed Out,3CRDbSIZ4r5MsZ0YwxuEkn,2015,84,0.734,0.637,4,-5.677,0,0.141,2.29e-05,0.0602,0.648,169.977,202333,4
"Marshmello, Bastille",Happier,Happier,2dpaYNEQHiRxtZbfNsse99,2018,82,0.687,0.792,5,-2.749,1,0.0452,0,0.167,0.671,100.015,214290,4
Travis Scott,ASTROWORLD,SICKO MODE,2xLMifQCjDGFmkHkpNLD9h,2018,81,0.834,0.73,8,-3.714,1,0.222,0,0.124,0.446,155.008,312820,4
Kendrick Lamar,DAMN.,HUMBLE.,7KXjTSCq5nL1LoYtL7XAwS,2017,83,0.908,0.621,1,-6.638,0,0.102,5.39e-05,0.0958,0.421,150.011,177000,4
Passenger,All the Little Lights,Let Her Go,6GmUVqe73u5YRfUUynZK6I,2012,0,0.479,0.545,7,-7.346,1,0.0688,0,0.0963,0.244,74.897,252733,4
Justin Bieber,Purpose (Deluxe),Sorry,09CtPGIpYB4BrO8qb1RGsF,2015,80,0.654,0.76,0,-3.669,0,0.045,0,0.299,0.41,99.945,200787,4
Avicii,Wake Me Up,Wake Me Up,4QRZirU4s1f30iDHzuKncj,2013,50,0.516,0.806,2,-5.133,1,0.0538,0.000674,0.115,0.577,124.118,249693,4
OneRepublic,Native (Deluxe),Counting Stars,1fh2TfUOtOoXEE8qQynYEC,2013,0,0.663,0.712,1,-4.945,0,0.0381,0,0.119,0.48,122.014,257280,4
Major Lazer,Peace Is The Mission,Lean On (feat. MØ & DJ Snake),4vS8VaBwJJV5Ry7UFIQuoo,2015,0,0.723,0.809,7,-3.081,0,0.0625,0.00123,0.565,0.274,98.007,176561,4
The Neighbourhood,I Love You.,Sweater Weather,2QjOHCTQ1Jl3zawyYOpxh6,2013,92,0.612,0.807,10,-2.81,1,0.0336,0.0177,0.101,0.398,124.053,240400,4
"SAINt JHN, Imanbek",Roses (Imanbek Remix),Roses - Imanbek Remix,7fPuWrlpwDcHm5aHCH5D9t,2019,4,0.785,0.721,8,-5.457,1,0.0506,0.00432,0.285,0.894,121.962,176219,4
DJ Snake,Encore,Let Me Love You,0lYBSQXN6rCTvUZvg9S0lU,2016,82,0.649,0.716,8,-5.371,1,0.0349,2.63e-05,0.135,0.163,99.988,205947,4
Post Malone,beerbongs & bentleys,Better Now,7dt6x5M1jzdTEt8oCbisTK,2018,80,0.68,0.578,10,-5.804,1,0.04,0,0.135,0.341,145.038,231267,4
Vance Joy,Dream Your Life Away (Special Edition),Riptide,3JvrhDOgAt6p7K8mDyZwRd,2014,79,0.484,0.731,1,-6.694,1,0.0379,0,0.151,0.51,101.654,204280,4
Alan Walker,Faded,Faded,7gHs73wELdeycvS48JfIos,2015,71,0.589,0.651,6,-5.097,1,0.0306,3.2e-06,0.111,0.166,90.011,212627,4
Post Malone,Stoney (Deluxe),Congratulations,3a1lNhkSLSkpJE4MSHpDu9,2016,81,0.63,0.804,6,-4.183,1,0.0363,0,0.253,0.492,123.146,220293,4
The Weeknd,Beauty Behind The Madness,The Hills,25khomWgBVamSdKw7hzm3l,2015,0,0.356,0.567,0,-7.011,0,0.0798,0,0.137,0.109,135.553,242253,5
The Chainsmokers,Collage EP,Don't Let Me Down,0w75KG0DuLDi6tdHmEMovD,2016,50,0.534,0.868,11,-5.057,1,0.205,0.0032,0.148,0.406,159.763,208667,4
Shawn Mendes,Illuminate (Deluxe),Treat You Better,1rtDwblY1CJ9i490fMzJnc,2016,0,0.455,0.797,10,-4.133,0,0.36,0,0.11,0.757,165.717,187973,4
"Macklemore & Ryan Lewis, Macklemore, Ryan Lewis, Ray Dalton",The Heist,Can't Hold Us (feat. Ray Dalton),3bidbhpOYeV4knp8AIu8Xn,2012,81,0.641,0.922,2,-4.457,1,0.0786,0,0.0862,0.847,146.078,258343,4
Mike Posner,"At Night, Alone.",I Took A Pill In Ibiza - Seeb Remix,1MtUq6Wp1eQ8PC6BbPCj8P,2016,72,0.664,0.714,7,-6.645,0,0.111,8.42e-06,0.0843,0.71,101.969,197933,4
Olivia Rodrigo,SOUR,good 4 u,4ZtFanR9U6ndgddUvNcjcG,2021,86,0.563,0.664,9,-5.044,1,0.154,0,0.0849,0.688,166.928,178147,4
Sam Smith,In The Lonely Hour,Stay With Me,5Nm9ERjJZ5oyfXZTECKmRt,2014,83,0.418,0.42,0,-6.444,1,0.0414,6.39e-05,0.11,0.184,84.094,172724,4
Ed Sheeran,No.6 Collaborations Project,I Don't Care (with Justin Bieber),0hVXuCcriWRGvwMV1r5Yn9,2019,73,0.798,0.676,6,-5.041,1,0.0442,0,0.0894,0.843,101.956,219947,4
Mark Ronson,Uptown Special,Uptown Funk (feat. Bruno Mars),32OlwWuMpZ6b0aN2RZOeMS,2015,82,0.856,0.609,0,-7.223,1,0.0824,8.15e-05,0.0344,0.928,114.988,269667,4
Halsey,Manic,Without Me,6FZDfxM3a3UCqtzo5pxSLZ,2020,79,0.752,0.488,6,-7.05,1,0.0705,9.11e-06,0.0936,0.533,136.041,201661,4
"Luis Fonsi, Daddy Yankee, Justin Bieber",Despacito Feat. Justin Bieber (Remix),Despacito - Remix,6rPO02ozF3bM7NnOV4h6s2,2017,71,0.653,0.816,2,-4.353,1,0.167,0,0.0967,0.816,178.085,228827,4
Ariana Grande,"thank u, next","thank u, next",3e9HZxeyfWwjeyPAMmWSSQ,2019,81,0.717,0.653,1,-5.634,1,0.0658,0,0.101,0.412,106.966,207320,4
Olivia Rodrigo,SOUR,drivers license,5wANPM4fQCJwkGd4rN57mH,2021,86,0.561,0.431,10,-8.81,1,0.0578,1.42e-05,0.106,0.137,143.875,242013,4
"Calvin Harris, Dua Lipa",One Kiss (with Dua Lipa),One Kiss (with Dua Lipa),7ef4DlsgrMEH11cDZd32M6,2018,87,0.791,0.862,9,-3.24,0,0.11,2.19e-05,0.0814,0.592,123.994,214847,4
Maroon 5,JORDI (Deluxe),Memories,4cktbXiXOapiLBMprHFErI,2021,84,0.775,0.327,11,-7.241,1,0.0557,0,0.0821,0.595,91.05,189486,4
Sam Smith,The Thrill Of It All (Special Edition),Too Good At Goodbyes,3VlbOrM6nYPprVvzBZllE5,2017,75,0.681,0.372,5,-8.237,1,0.0432,0,0.169,0.476,91.873,201000,4
24kGoldn,El Dorado,Mood (feat. iann dior),4jPy3l0RUwlUI9T5XHBW2m,2021,82,0.701,0.716,7,-3.671,0,0.0361,0,0.324,0.732,91.007,140533,4
French Montana,Jungle Rules,Unforgettable,3B54sVLJ402zGa6Xm4YGNe,2017,80,0.726,0.769,6,-5.043,1,0.123,0.0101,0.104,0.733,97.985,233902,4
The Killers,Hot Fuss,Mr. Brightside,7oK9VyNzrYvRFo7nQEYkWN,2004,27,0.356,0.924,1,-3.74,1,0.0808,0,0.0953,0.232,148.017,222587,4
Roddy Ricch,Please Excuse Me for Being Antisocial,The Box,0nbXyq5TXYPCO7pr3N8S4I,2019,80,0.896,0.586,10,-6.687,0,0.0559,0,0.79,0.642,116.971,196653,4
Imagine Dragons,Night Visions,Demons,3LlAyCYU26dvFZBDUIMb7a,2012,74,0.505,0.71,3,-3.015,1,0.0321,0.00025,0.329,0.428,89.938,175200,4
XXXTENTACION,?,Moonlight,0JP9xo3adEtGSdUEISiszL,2018,82,0.921,0.537,9,-5.723,0,0.0804,0.00404,0.102,0.711,128.009,135090,4
Lil Nas X,MONTERO,MONTERO (Call Me By Your Name),1SC5rEoYDGUK4NfG82494W,2021,82,0.593,0.503,8,-6.725,0,0.22,0,0.405,0.71,178.781,137704,4
Eminem,Curtain Call: The Hits (Deluxe Edition),"Lose Yourself - From ""8 Mile"" Soundtrack",5Z01UMMf7V1o0MzF86s6WJ,2005,76,0.692,0.744,2,-4.565,1,0.257,0.000423,0.359,0.0612,171.374,326467,4
Bad Bunny,EL ÚLTIMO TOUR DEL MUNDO,DÁKITI,4MzXwWMhyBbmu6hOcLVD49,2020,79,0.731,0.573,4,-10.059,0,0.0544,5.22e-05,0.113,0.145,109.928,205090,4
Dua Lipa,Future Nostalgia,Levitating (feat. DaBaby),5nujrmhLynf4yMoMtj8AQF,2020,84,0.702,0.825,6,-3.787,0,0.0601,0,0.0674,0.915,102.977,203064,4
Lil Nas X,MONTERO,INDUSTRY BABY (feat. Jack Harlow),5Z9KJZvQzH6PFmb8SNkxuk,2021,80,0.741,0.691,10,-7.395,0,0.0672,0,0.0476,0.892,150.087,212353,4
Sia,This Is Acting,Cheap Thrills,27SdWb2rFzO6GWiYDBTD9j,2016,77,0.628,0.698,6,-5.608,0,0.105,0.00143,0.0907,0.732,89.976,211667,4
Bruno Mars,24K Magic,That's What I Like,0KKkJNfGyhkQ5aFogxQAPU,2016,83,0.853,0.56,1,-4.961,1,0.0406,0,0.0944,0.86,134.066,206693,4
Oasis,(What's The Story) Morning Glory? (Deluxe Edition) [Remastered],Wonderwall - Remastered,5wj4E6IsrVtn8IBJQOd0Cl,1995,0,0.372,0.865,2,-4.918,1,0.0381,0,0.234,0.478,174.53,258733,4
BTS,BE,Dynamite,5QDLhrAOJJdNAmCTJ8xMyW,2020,84,0.746,0.765,6,-4.41,0,0.0993,0,0.0936,0.737,114.044,199054,4
Maroon 5,Red Pill Blues (Deluxe),Girls Like You (feat. Cardi B) - Cardi B Version,6V1bu6o1Yo5ZXnsCJU8Ovk,2018,65,0.851,0.541,0,-6.825,1,0.0505,0,0.13,0.448,124.959,235545,4
Shawn Mendes,Handwritten,Stitches,3zkWCteF82vJwv0hRLba76,2015,79,0.746,0.754,1,-6.684,1,0.0676,0,0.0486,0.746,149.882,206880,4
Wiz Khalifa,See You Again (feat. Charlie Puth),See You Again (feat. Charlie Puth),7wqSzGeodspE3V6RBD5W8L,2015,0,0.689,0.481,10,-7.503,1,0.0815,1.03e-06,0.0649,0.283,80.025,229526,4
Luis Fonsi,VIDA,Despacito,6habFhsOp2NvshLv26DqMb,2019,79,0.655,0.797,2,-4.787,1,0.153,0,0.067,0.839,177.928,229360,4
Lauv,I met you when I was 18. (the playlist),I Like Me Better,2P91MQbaiQOfbiz9VqhqKQ,2018,79,0.752,0.505,9,-7.621,1,0.253,2.55e-06,0.104,0.419,91.97,197437,4
Lukas Graham,Lukas Graham,7 Years,5kqIPrATaCc2LqxVWzQGbk,2016,79,0.765,0.473,10,-5.829,1,0.0514,0,0.391,0.34,119.992,237300,4
DaBaby,BLAME IT ON BABY,ROCKSTAR (feat. Roddy Ricch),7ytR5pFWmSjzHJIeQkgog4,2020,79,0.746,0.69,11,-7.956,1,0.164,0,0.101,0.497,89.977,181733,4
Jason Mraz,We Sing. We Dance. We Steal Things.,I'm Yours,1EzrEOXmMH3G43AXT1y7pA,2008,79,0.703,0.444,11,-9.331,1,0.0417,0,0.0973,0.712,150.96,242947,4
5 Seconds of Summer,Youngblood (Deluxe),Youngblood,2iUXsYOEPhVqEBwsqP70rE,2018,80,0.596,0.854,7,-5.114,0,0.463,0,0.124,0.152,120.274,203418,4
Arctic Monkeys,AM,Do I Wanna Know?,3jfr0TF6DQcOLat8gGn7E2,2013,0,0.548,0.532,5,-7.596,1,0.0323,0.000263,0.217,0.405,85.03,272394,4
Shawn Mendes,Illuminate (Deluxe),There's Nothing Holdin' Me Back,7JJmb5XwzOO8jgpou264Ml,2017,85,0.866,0.813,11,-4.063,0,0.0554,0,0.0779,0.969,121.998,199440,4
Justin Timberlake,TROLLS (Original Motion Picture Soundtrack),"CAN'T STOP THE FEELING! (from DreamWorks Animation's ""TROLLS"")",1WkMMavIMc4JZ8cfMmxHkI,2016,72,0.669,0.832,0,-5.721,1,0.0682,0,0.0968,0.7,113.035,237547,4
Maroon 5,V,Sugar,2iuZJX9X9P0GKaE93xcPjk,2014,80,0.748,0.788,1,-7.055,1,0.0334,0,0.0863,0.884,120.076,235493,4
Eminem,The Eminem Show,Till I Collapse,4xkOaSrkexMciUUogZKVTS,2002,85,0.548,0.847,1,-3.237,1,0.186,0,0.0816,0.1,171.447,297787,4
Cardi B,Invasion of Privacy,I Like It,58q2HKrzhC3ozto2nDdN4z,2018,78,0.816,0.726,5,-3.998,0,0.129,0,0.372,0.65,136.048,253390,4
Twenty One Pilots,Heathens,Heathens,6i0V12jOa3mr6uu4WYhUBr,2016,81,0.732,0.396,4,-9.348,0,0.0286,3.58e-05,0.105,0.548,90.024,195920,4
Billie Eilish,"WHEN WE ALL FALL ASLEEP, WHERE DO WE GO?",when the party's over,43zdsphuZLzwA9k4DJhU0I,2019,83,0.367,0.111,4,-14.084,1,0.0972,3.97e-05,0.0897,0.198,82.642,196077,4
Imagine Dragons,Night Visions,Radioactive,4G8gkOterJn0Ywt6uhqbhp,2012,72,0.448,0.784,9,-3.686,1,0.0627,0.000108,0.668,0.236,136.245,186813,4
Post Malone,Stoney (Deluxe),I Fall Apart,75ZvA4QfFiZvzhj2xkaWAh,2016,79,0.556,0.538,8,-5.408,0,0.0382,0,0.196,0.291,143.95,223347,4
Charlie Puth,Nine Track Mind,We Don't Talk Anymore (feat. Selena Gomez),37FXw5QGFN7uwwsLy8uAc0,2016,68,0.728,0.563,1,-8.053,0,0.134,0,0.179,0.352,100.017,217707,4
Nirvana,Nevermind (Remastered),Smells Like Teen Spirit,5ghIJDpPoe3CfHMGu71E6T,1991,78,0.502,0.912,1,-4.556,1,0.0564,0.000173,0.106,0.72,116.761,301920,4
Queen,Jazz (Deluxe Remastered Version),Don't Stop Me Now - Remastered 2011,7hQJA50XrCWABAu5v6QZ4i,1978,72,0.563,0.865,5,-5.277,1,0.16,0.000191,0.77,0.601,156.271,209413,4
Charlie Puth,Voicenotes,Attention,5cF0dROlMOK5uNZtivgu50,2018,82,0.775,0.613,3,-4.586,0,0.0542,2.33e-05,0.134,0.797,100.066,208787,4
J. Cole,2014 Forest Hills Drive,No Role Modelz,62vpWI1CHwFy7tMIcSStl8,2014,9,0.692,0.521,10,-8.465,0,0.33,0,0.0565,0.463,100.45,292987,4
Journey,Escape (Bonus Track Version),Don't Stop Believin',4bHsxqR3GMrXTxEPLuK5ue,1981,82,0.5,0.748,4,-9.072,1,0.0363,0,0.447,0.514,118.852,250987,4
Adele,21,Someone Like You,4kflIGfjdZJW4ot2ioixTB,2011,1,0.559,0.33,9,-8.251,1,0.0285,0,0.0975,0.285,135.109,285040,4
benny blanco,FRIENDS KEEP SECRETS,Eastside (with Halsey & Khalid),7FGq80cy8juXBCD2nrqdWU,2018,77,0.632,0.686,6,-7.665,0,0.243,0,0.2,0.329,89.949,170770,4
Lil Nas X,7 EP,Old Town Road - Remix,2YpeDb67231RjR0MgVLzsG,2019,78,0.878,0.619,6,-5.56,1,0.102,0,0.113,0.639,136.041,157067,4
Coldplay,A Rush of Blood to the Head,The Scientist,75JFxkI2RXiU7L9VXzMkle,2002,85,0.557,0.442,5,-7.224,1,0.0243,1.46e-05,0.11,0.213,146.277,309600,4
OMI,Me 4 U,Cheerleader - Felix Jaehn Remix Radio Edit,023OVLNzXhX0j7CxswUt6D,2015,66,0.78,0.68,4,-6.081,1,0.0305,1.2e-05,0.138,0.594,118.026,180560,4
Queen,The Game (Deluxe Remastered Version),Another One Bites The Dust - Remastered 2011,57JVGBtBLCfHw2muk5416J,1980,72,0.933,0.528,5,-6.472,0,0.162,0.329,0.163,0.756,109.975,214653,4
Bruno Mars,Doo-Wops & Hooligans,Just the Way You Are,7BqBn9nzAq8spo5e7cZ0dJ,2010,81,0.635,0.841,5,-5.379,1,0.0422,0,0.0622,0.424,109.021,220734,4
Twenty One Pilots,Blurryface,Ride,2Z8WuEywRWYTKe1NybPQEW,2015,81,0.645,0.713,6,-5.355,1,0.0393,0,0.113,0.566,74.989,214507,4
The Weeknd,Beauty Behind The Madness,Can't Feel My Face,6RsWqX8zABZLhZydXxEFOm,2015,0,0.702,0.77,9,-5.416,0,0.0482,0,0.103,0.593,107.951,213520,4
Justin Bieber,Purpose (Deluxe),What Do You Mean?,4B0JvthVoAAuygILe3n4Bs,2015,77,0.845,0.567,5,-8.118,0,0.0956,0.00142,0.0811,0.793,125.02,205680,4
Ava Max,Heaven & Hell,Sweet but Psycho,7DnAm9FOTWE3cUvso43HhI,2020,81,0.72,0.706,1,-4.719,1,0.0473,0,0.166,0.62,133.002,187436,4
Sia,1000 Forms Of Fear (Deluxe Version),Chandelier,2s1sdSqGcKxpPr5lCl7jAV,2015,69,0.399,0.787,1,-2.88,1,0.0499,6.07e-05,0.0685,0.572,117.089,216120,5
Post Malone,beerbongs & bentleys,Psycho (feat. Ty Dolla $ign),3swc6WTsr7rl9DqQKQA55C,2018,77,0.75,0.56,8,-8.094,1,0.105,0,0.111,0.459,140.06,221440,4
Lewis Capaldi,Divinely Uninspired To A Hellish Extent (Extended Edition),Before You Go,2gMXnyrvIjhVBUZwvLZDMP,2019,82,0.459,0.575,3,-4.858,1,0.0573,0,0.0885,0.183,111.881,215107,4
Trevor Daniel,Nicotine,Falling,0Aqi7ArnBrGblW5T6p2jmD,2020,78,0.785,0.431,10,-8.756,0,0.0364,0,0.0887,0.236,127.085,159382,4
Harry Styles,Harry's House,As It Was,4Dvkj6JhhA12EX05fT7y2e,2022,91,0.52,0.731,6,-5.338,0,0.0557,0.00101,0.311,0.662,173.93,167303,4
DJ Snake,Carte Blanche,"Taki Taki (feat. Selena Gomez, Ozuna & Cardi B)",0KoiMHhqKLoL4xM54rcWYY,2019,72,0.842,0.801,8,-4.167,0,0.228,4.82e-06,0.0642,0.617,95.881,212500,4
"Calvin Harris, Rihanna",This Is What You Came For,This Is What You Came For,0azC730Exh71aQlOt9Zj3y,2016,80,0.631,0.927,9,-2.787,0,0.0332,0.119,0.148,0.465,123.962,222160,4
The Weeknd,Starboy,I Feel It Coming,5GXAXm5YOmYT0kL5jHvYBt,2016,74,0.773,0.819,0,-5.946,0,0.118,0,0.0679,0.585,92.99,269187,4
Linkin Park,Hybrid Theory (Bonus Edition),In the End,60a0Rd6pjrkxjPbaKzXjfq,2000,84,0.556,0.864,3,-5.87,0,0.0584,0,0.209,0.4,105.143,216880,4
Post Malone,Hollywood's Bleeding,Wow.,7xQAfvXzm3AkraOtGPWIZg,2019,81,0.829,0.539,11,-7.359,0,0.208,1.78e-06,0.103,0.388,99.96,149547,4
Adele,25,Hello,4sPmO7WMQUAf45kwMOtONw,2016,0,0.481,0.451,5,-6.095,0,0.0347,0,0.0872,0.289,157.966,295493,4
Dean Lewis,A Place We Knew,Be Alright,5qrSlOut2rNAWv3ubArkNy,2019,77,0.551,0.537,11,-7.595,1,0.034,0,0.0802,0.493,126.421,196493,4
Major Lazer,Cold Water,Cold Water,7zsXy7vlHdItvUSH8EwQss,2016,67,0.608,0.798,6,-5.092,0,0.0432,0,0.156,0.501,92.943,185360,4
Foster The People,Torches,Pumped Up Kicks,7w87IxuO7BDcJ3YUqCyMTT,2011,82,0.733,0.71,5,-5.849,0,0.0292,0.115,0.0956,0.965,127.975,239600,4
Dua Lipa,Dua Lipa (Deluxe),IDGAF,76cy1WJvNGJTj78UqeA5zr,2017,79,0.836,0.544,7,-5.975,1,0.0943,0,0.0824,0.51,97.028,217947,4
"Powfu, beabadoobee",death bed (coffee for your head),death bed (coffee for your head),7eJMfftS33KTjuF7lTsMCx,2020,82,0.726,0.431,8,-8.765,0,0.135,0,0.696,0.348,144.026,173333,4
Doja Cat,Planet Her,Kiss Me More (feat. SZA),3DarAbFujv6eYNliUTyqtz,2021,80,0.764,0.705,8,-3.463,1,0.0284,8.92e-05,0.12,0.781,110.97,208667,4
Danny Ocean,54+1,Me Rehúso,6ifUES3keWjwXgae8pXI3o,2019,80,0.744,0.804,1,-6.327,1,0.0677,0,0.0494,0.426,104.823,205715,4
Arizona Zervas,ROXANNE,ROXANNE,696DnlkuDOXcMAnKlTgXXK,2019,77,0.621,0.601,6,-5.616,0,0.148,0,0.46,0.457,116.735,163636,5
ZAYN,Icarus Falls,Dusk Till Dawn (feat. Sia) - Radio Edit,3e7sxremeOE3wTySiOhGiP,2018,78,0.259,0.437,11,-6.589,0,0.0386,1.32e-06,0.106,0.0951,180.042,239000,4
ZAYN,Fifty Shades Darker (Original Motion Picture Soundtrack),I Don’t Wanna Live Forever (Fifty Shades Darker),2y5aJvzXhHPA94U5GFAcXe,2017,64,0.734,0.442,0,-8.432,1,0.0557,1.63e-05,0.213,0.0973,117.967,245653,4
Bruno Mars,Unorthodox Jukebox,When I Was Your Man,0nJW01T7XtvILxQgC5J7Wh,2012,86,0.612,0.28,0,-8.648,1,0.0434,0,0.088,0.387,72.795,213827,4
Coldplay,Parachutes,Yellow,3AJwUDP919kvQ9QcozQPxg,2000,88,0.429,0.661,11,-7.227,1,0.0281,0.000121,0.234,0.285,173.372,266773,4
Sam Smith,In The Lonely Hour,I'm Not The Only One,0fioLzGM8ngbD1w6fMmm45,2014,0,0.453,0.496,5,-5.785,1,0.0453,2.65e-05,0.0772,0.501,80.994,239317,4
Panic! At The Disco,Pray for the Wicked,High Hopes,1rqqCSm0Qe4I9rUvWncaom,2018,80,0.579,0.904,5,-2.729,1,0.0618,0,0.064,0.681,82.014,190947,4
Eminem,The Eminem Show,Without Me,7lQ8MOhq6IN2w8EYcFNSUk,2002,88,0.908,0.669,7,-2.827,1,0.0738,0,0.237,0.662,112.238,290320,4
Guns N' Roses,Appetite For Destruction,Sweet Child O' Mine,7snQQk1zcKl8gZ92AnueZW,1987,77,0.446,0.952,6,-5.321,1,0.0523,0.0857,0.112,0.624,125.303,356067,4
Ellie Goulding,Delirium (Deluxe),"Love Me Like You Do - From ""Fifty Shades Of Grey""",3zHq9ouUJQFQRf3cm1rRLu,2015,78,0.262,0.606,8,-6.646,1,0.0484,0,0.125,0.275,189.857,252534,4
Clean Bandit,What Is Love? (Deluxe Edition),Rockabye (feat. Sean Paul & Anne-Marie),2hrUO4drrO63i7FYbCLBl2,2018,71,0.717,0.73,9,-4.729,0,0.0568,0,0.398,0.792,102.002,251173,4
TOTO,Toto IV,Africa,2374M0fQpWi3dLnB54qaLX,1982,82,0.671,0.373,9,-18.064,1,0.0323,8.01e-05,0.0481,0.732,92.718,295893,4
The Police,Synchronicity (Remastered 2003),Every Breath You Take,1JSTJqkT5qHq8MDJnJbRE1,1983,85,0.82,0.452,1,-9.796,1,0.0348,0.00294,0.0714,0.74,117.401,253920,4
"Marshmello, Khalid",Silence,Silence,7vGuf3Y35N4wmASOKLUVVU,2017,80,0.52,0.761,4,-3.093,1,0.0853,4.96e-06,0.17,0.286,141.971,180823,4
KAROL G,KG0516,Tusa,0dKg2vGC1hFqcK5LGTaKzX,2021,71,0.799,0.701,2,-3.272,1,0.282,7.36e-05,0.0514,0.607,100.946,201920,4
DNCE,DNCE,Cake By The Ocean,76hfruVvmfQbw0eYn1nmeC,2016,81,0.774,0.753,4,-5.446,0,0.0517,0,0.0371,0.896,119.002,219147,4
"Zedd, Maren Morris, Grey",The Middle,The Middle,09IStsImFySgyp0pIQdqAc,2018,79,0.753,0.657,7,-3.061,1,0.0449,0,0.112,0.437,107.01,184732,4
Drake,Scorpion,In My Feelings,2G7V7zsVDxg1yRsu7Ew9RJ,2018,75,0.835,0.626,1,-5.833,1,0.125,6e-05,0.396,0.35,91.03,217925,4
J Balvin,Vibras,Mi Gente,7COfe3P7KgfwDwIRB8LIDw,2018,71,0.548,0.704,11,-4.838,0,0.0777,2.25e-05,0.143,0.288,104.666,185040,4
Ed Sheeran,=,Bad Habits,3rmo8F54jFF8OgYsqTxm5d,2021,87,0.807,0.893,11,-3.745,0,0.0347,2.79e-05,0.366,0.537,126.011,230747,4
Fifth Harmony,7/27 (Deluxe),Work from Home (feat. Ty Dolla $ign),4tCtwWceOPWzenK2HAIJSb,2016,74,0.803,0.585,8,-5.861,1,0.0432,3.94e-06,0.0644,0.593,105.017,214480,4
Khalid,American Teen,Young Dumb & Broke,5Z3GHaZ6ec9bsiI5BenrbY,2017,79,0.799,0.539,1,-6.351,1,0.0421,1.66e-05,0.165,0.394,136.948,202547,4
Justin Bieber,Justice,Peaches (feat. Daniel Caesar & Giveon),4iJyoBOLtHqaGxP12qzhQI,2021,84,0.677,0.696,0,-6.181,1,0.119,0,0.42,0.464,90.03,198082,4
"Marshmello, Anne-Marie",FRIENDS,FRIENDS,08bNPGLD8AhKpnnERrAc6G,2018,78,0.626,0.88,9,-2.384,0,0.0504,0,0.128,0.534,95.079,202621,4
Future,FUTURE,Mask Off,3rOSwuTsUlJp0Pu0MkN8r8,2017,49,0.833,0.434,2,-8.795,1,0.431,0.0219,0.165,0.281,150.062,204600,4
gnash,us,"i hate u, i love u (feat. olivia o'brien)",7vRriwrloYVaoAe3a9wJHe,2016,77,0.492,0.275,6,-13.4,0,0.3,0,0.101,0.18,92.6,251034,4
XXXTENTACION,17,Fuck Love (feat. Trippie Redd),7AQim7LbvFVZJE3O8TYgf2,2017,82,0.797,0.533,0,-9.74,0,0.0412,0.000152,0.103,0.329,131.036,146520,4
Travis Scott,HIGHEST IN THE ROOM,HIGHEST IN THE ROOM,3eekarcy7kvN4yt5ZFzltW,2019,81,0.598,0.427,7,-8.764,0,0.0317,5.83e-06,0.21,0.0605,76.469,175721,4
Gotye,Making Mirrors,Somebody That I Used To Know,4wCmqSrbyCgxEXROQE6vtV,2011,75,0.864,0.495,0,-7.036,1,0.037,0.000133,0.0992,0.72,129.062,244973,4
"Kygo, Selena Gomez",It Ain't Me,It Ain’t Me (with Selena Gomez),12GEpg2XOPyqk03JZEZnJs,2017,66,0.64,0.533,0,-6.596,1,0.0706,0,0.0864,0.515,99.968,220781,4
WALK THE MOON,TALKING IS HARD,Shut Up and Dance,4kbj5MwxO1bq9wjT5g9HaA,2014,82,0.578,0.866,1,-3.804,1,0.0619,0,0.257,0.619,128.038,199080,4
Anne-Marie,Speak Your Mind (Deluxe),2002,2BgEsaKNfHUdlh97KmvFyo,2018,81,0.697,0.683,1,-2.881,0,0.117,0,0.137,0.603,96.133,186987,4
Harry Styles,Fine Line,Adore You,3jjujdWJ72nww5eGnfs2E7,2019,84,0.676,0.771,8,-3.675,1,0.0483,7e-06,0.102,0.569,99.048,207133,4
Ed Sheeran,No.6 Collaborations Project,Beautiful People (feat. Khalid),70eFcWOvlMObDhURTqT4Fv,2019,72,0.64,0.647,5,-8.114,0,0.186,0,0.0801,0.546,92.979,197867,4
NF,Perception,Let You Down,52okn5MNA47tk87PeZJLEL,2017,79,0.662,0.714,5,-5.68,0,0.121,0,0.179,0.464,147.997,212120,4
Beyoncé,I AM...SASHA FIERCE,Halo,3ERa3mEeOnrh2Mc47qM6T1,2008,63,0.508,0.72,11,-5.908,0,0.0628,0,0.0563,0.472,79.983,261640,4
Childish Gambino,"""Awaken, My Love!""",Redbone,3kxfsdsCpFgN412fpnW85Y,2016,0,0.745,0.356,1,-10.425,1,0.0941,0.00943,0.123,0.607,160.033,326933,4
Michael Jackson,Thriller 25 Super Deluxe Edition,Billie Jean,5ChkMS8OtdzJeqyybCc9R5,1982,84,0.92,0.654,11,-3.051,0,0.0401,0.0153,0.036,0.847,117.046,293827,4
David Guetta,Nothing but the Beat 2.0,Titanium (feat. Sia),0lHAMNU8RGiIObScrsRgmP,2011,68,0.604,0.788,0,-3.673,0,0.103,0.153,0.127,0.301,126.06,245040,4
Adele,21,Rolling in the Deep,1CkvWZme3pRgbzaxZnTl5X,2011,1,0.729,0.756,8,-5.119,1,0.0294,0,0.0527,0.522,104.945,228293,4
a-ha,Hunting High and Low,Take on Me,2WfaOiMkCvy7F5fcp2zZ8L,1985,84,0.573,0.902,6,-7.638,0,0.054,0.00125,0.0928,0.876,84.412,225280,4
"Dynoro, Gigi D'Agostino",In My Mind,In My Mind,0E9ZjEAyAwOXZ7wJC0PD33,2018,78,0.694,0.77,6,-5.335,1,0.149,1.1e-05,0.118,0.163,125.905,184560,4
Khalid,American Teen,Location,152lZdxL1OR0ZMW6KquMif,2017,77,0.736,0.449,1,-11.462,0,0.425,0.000162,0.0898,0.326,80.126,219080,4
Ariana Grande,Dangerous Woman,Side To Side,1pKeFVVUOPjFsOABub0OaV,2016,3,0.65,0.736,6,-5.84,0,0.229,0,0.235,0.613,159.173,226160,4
Logic,Everybody,1-800-273-8255,5tz69p7tJuGPeMGwNTxYuV,2017,76,0.62,0.574,5,-7.788,0,0.0479,0,0.19,0.357,100.023,250173,4
Bebe Rexha,All Your Fault: Pt. 2,Meant to Be (feat. Florida Georgia Line),7iDa6hUg2VgEL1o1HjmfBn,2017,74,0.643,0.783,10,-6.458,1,0.0856,0,0.083,0.579,154.084,163870,4
Christina Perri,A Thousand Years,A Thousand Years,6lanRgr6wXibZr8KgzXxBl,2011,79,0.421,0.407,10,-7.445,1,0.0267,0.000961,0.11,0.161,139.028,285120,3
The Weeknd,After Hours,Save Your Tears,5QO79kh1waicV47BqGRL3g,2020,88,0.68,0.826,0,-5.487,1,0.0309,1.24e-05,0.543,0.644,118.051,215627,4
Clean Bandit,What Is Love? (Deluxe Edition),Symphony (feat. Zara Larsson),72gv4zhNvRVdQA0eOenCal,2018,75,0.715,0.605,0,-5.128,0,0.0428,1.41e-05,0.189,0.454,122.956,212733,4
"Martin Garrix, Bebe Rexha",In the Name of Love,In the Name of Love,23L5CiUhw2jV1OIMwthR3S,2016,78,0.501,0.519,4,-5.88,0,0.0409,0,0.454,0.168,133.99,195707,4
Queen,Hot Space (Deluxe Remastered Version),Under Pressure - Remastered 2011,11IzgLRXV7Cgek3tEgGgjw,1982,70,0.671,0.711,2,-7.813,1,0.0478,0,0.104,0.466,113.809,248440,4
XXXTENTACION,?,changes,7AFASza1mXqntmGtbxXprO,2018,79,0.669,0.308,11,-10.068,1,0.029,0,0.0984,0.52,64.934,121887,4
Mariah Carey,Merry Christmas,All I Want for Christmas Is You,0bYg9bo50gSsH3LtXe2SQn,1994,82,0.336,0.627,7,-7.463,1,0.0384,0,0.0708,0.35,150.273,241107,4
Maroon 5,Overexposed,Payphone,1LmN9SSHISbtp9LoaR5ZVJ,2021,70,0.739,0.756,4,-4.828,1,0.0394,0,0.37,0.523,110.028,231387,4
Avicii,The Days / Nights,The Nights,0ct6r3EGTcMLPtrXHDvVjc,2014,85,0.527,0.835,6,-5.298,1,0.0433,0,0.249,0.654,125.983,176658,4
Tyga,Legendary,Taste (feat. Offset),2toVe5hfuIi97ytDPDbQFt,2019,71,0.866,0.613,0,-6.385,1,0.151,0,0.104,0.359,98.001,229210,4
Coldplay,Viva La Vida or Death and All His Friends,Viva La Vida,1mea3bSkSGXuIRvnydlB5b,2008,84,0.486,0.617,5,-7.115,0,0.0287,3.23e-06,0.109,0.417,138.015,242373,4
Rihanna,ANTI (Deluxe),Work,4m6D70k5xMmCDCB19u7Bi0,2016,0,0.725,0.534,11,-6.238,1,0.0946,0,0.0919,0.558,91.974,219320,4
Bruno Mars,Unorthodox Jukebox,Locked out of Heaven,1qCdYQdkWvm4cYXAuOlbyc,2012,43,0.726,0.698,5,-4.165,1,0.0431,0,0.309,0.867,143.994,233478,4
Bastille,Bad Blood,Pompeii,3gbBpTdY8lnQwqxNCcf795,2013,72,0.679,0.715,9,-6.383,1,0.0407,0,0.271,0.571,127.435,214148,4
Drake,More Life,Passionfruit,5mCPDVBb16L4XQwDdbRUpz,2017,82,0.809,0.463,11,-11.377,1,0.0396,0.085,0.109,0.364,111.98,298941,4
Ariana Grande,Sweetener,no tears left to cry,2qT1uLXPVPzGgFOx4jtEuo,2018,77,0.699,0.713,9,-5.507,0,0.0594,3.11e-06,0.294,0.354,121.993,205920,4
DJ Khaled,Grateful,"I'm the One (feat. Justin Bieber, Quavo, Chance the Rapper & Lil Wayne)",1jYiIOC5d6soxkJP81fxq2,2017,63,0.599,0.667,7,-4.267,1,0.0367,0,0.134,0.817,80.984,288877,4
Billie Eilish,everything i wanted,everything i wanted,3ZCTVFBt2Brf31RLEnCkWJ,2019,84,0.704,0.225,6,-14.454,0,0.0994,0.657,0.106,0.243,120.006,245426,4
"Selena Gomez, Marshmello",Wolves,Wolves,0tBbt8CrmxbjRP0pueQkyU,2017,79,0.724,0.804,11,-4.614,0,0.0448,0,0.204,0.306,124.987,197993,4
Bruno Mars,24K Magic,24K Magic,6b8Be6ljOzmkOmFslEb23P,2016,78,0.818,0.803,1,-4.282,1,0.0797,0,0.153,0.632,106.97,225983,4
Jonas Brothers,Happiness Begins,Sucker,22vgEDb5hykfaTwLuskFGD,2019,80,0.842,0.734,1,-5.065,0,0.0588,0,0.106,0.952,137.958,181027,4
The White Stripes,Elephant,Seven Nation Army,3dPQuX8Gs42Y7b454ybpMR,2003,83,0.743,0.446,4,-7.807,0,0.0683,0.118,0.337,0.278,123.596,232107,4
Eagles,Hotel California (2013 Remaster),Hotel California - 2013 Remaster,40riOy7x9W7GXjyGp4pjAv,1976,83,0.579,0.508,2,-9.484,1,0.027,0.000494,0.0575,0.609,147.125,391376,4
Daddy Yankee,Con Calma,Con Calma,5w9c2J52mkdntKOmRLeM2m,2019,78,0.737,0.86,8,-2.652,0,0.0593,1.94e-06,0.0574,0.656,93.989,193227,4
Zara Larsson,So Good,Lush Life,1rIKgCH4H52lrvDcz50hS8,2017,76,0.694,0.712,7,-3.923,0,0.046,0,0.211,0.799,98.023,201122,4
Måneskin,Chosen,Beggin',3Wrjm47oTz2sjIgck11l5e,2017,85,0.714,0.8,11,-4.808,0,0.0504,0,0.359,0.589,134.002,211560,4
Drake,Views,Hotline Bling,0wwPcA6wtMf6HUMpIRdeP7,2016,77,0.891,0.628,2,-7.863,1,0.0551,0.00019,0.0504,0.552,134.966,267067,4
"Bad Bunny, Tainy",Callaita,Callaita,2TH65lNHgvLxCKXM3apjxI,2019,79,0.61,0.624,2,-4.773,1,0.309,2.12e-06,0.243,0.244,176.169,250534,4
Elton John,The Lockdown Sessions,Cold Heart - PNAU Remix,7rglLriMNBPAyuJOMGwi39,2021,70,0.795,0.8,1,-6.32,1,0.0309,7.25e-05,0.0915,0.934,116.032,202735,4
Ed Sheeran,÷ (Deluxe),Happier,2RttW7RAu5nOAfq6YFvApB,2017,79,0.522,0.385,0,-7.355,1,0.0288,0,0.135,0.236,89.792,207520,4
"Earth, Wind & Fire","The Best Of Earth, Wind & Fire Vol. 1",September,2grjqo0Frpf2okIBiifQKs,1978,81,0.697,0.832,9,-7.264,1,0.0298,0.00131,0.269,0.979,125.926,215093,4
Ed Sheeran,÷ (Deluxe),Castle on the Hill,6PCUP3dWmTjcTtXY02oFdT,2017,78,0.461,0.834,2,-4.868,1,0.0989,1.14e-05,0.14,0.471,135.007,261154,4
Harry Styles,Harry Styles,Sign of the Times,5Ohxk2dO5COHF1krpoPigN,2017,83,0.516,0.595,5,-4.63,1,0.0313,0,0.109,0.222,119.972,340707,4
Calvin Harris,Motion,Summer,6YUTL4dYpB9xZO5qExPf05,2014,80,0.596,0.856,4,-3.556,0,0.0346,0.0178,0.141,0.743,127.949,222533,4
XXXTENTACION,17,Everybody Dies In Their Nightmares,3GVkPk8mqxz0itaAriG1L7,2017,84,0.734,0.57,7,-7.066,0,0.133,2.14e-05,0.112,0.689,129.953,95467,4
XXXTENTACION,Look At Me!,Look At Me!,7floNISpH8VF4z4459Qo18,2017,81,0.763,0.726,1,-6.405,1,0.282,0,0.0976,0.349,139.059,126346,4
Alec Benjamin,Narrated For You,Let Me Down Slowly,2qxmye6gAegTMjLKEBoR3d,2018,84,0.652,0.557,1,-5.714,0,0.0318,0,0.124,0.483,150.073,169354,4
Linkin Park,Meteora,Numb,2nLtzopw4rPReszdYBJU6h,2003,83,0.496,0.863,9,-4.153,1,0.0381,0,0.639,0.243,110.018,185587,4
Alessia Cara,Know-It-All (Deluxe),Scars To Your Beautiful,0prNGof3XqfTvNDxHonvdK,2015,6,0.573,0.739,0,-5.74,1,0.129,0,0.111,0.451,97.085,230227,4
Tame Impala,Currents,The Less I Know The Better,6K4t31amVTZDgR3sKmwUJJ,2015,83,0.64,0.74,4,-4.083,1,0.0284,0.00678,0.167,0.785,116.879,216320,4
Bad Bunny,MIA (feat. Drake),MIA (feat. Drake),116H0KvKr2Zl4RPuVBruDO,2018,78,0.817,0.539,6,-6.349,0,0.0621,0.000496,0.099,0.158,97.062,210368,4
G-Eazy,When It's Dark Out,"Me, Myself & I",40YcuQysJ0KlGQTeGUosTC,2015,77,0.756,0.674,0,-6.518,0,0.0959,0,0.158,0.389,111.995,251467,4
Lord Huron,Strange Trails,The Night We Met,0QZ5yyl6B6utIWkxeBDxQN,2015,78,0.545,0.366,2,-9.51,1,0.0378,0.267,0.641,0.1,86.997,208212,3
ZAYN,Mind Of Mine (Deluxe Edition),PILLOWTALK,0PDUDa38GO8lMxLCRc4lL1,2016,77,0.584,0.7,11,-4.275,1,0.0456,0,0.0939,0.438,124.944,202747,4
Juice WRLD,Goodbye & Good Riddance,All Girls Are The Same,4VXIryQMWpIdGgYR4TrjT1,2018,83,0.671,0.529,0,-7.226,1,0.307,0.000335,0.0856,0.203,161.989,165820,4
AC/DC,Back In Black,Back In Black,08mG3Y1vljYA6bvDt4Wqkj,1980,83,0.31,0.7,9,-5.678,1,0.047,0.00965,0.0828,0.763,188.386,255493,4
Regard,Ride It,Ride It,2tnVG71enUj33Ic2nFN6kZ,2019,79,0.88,0.751,7,-4.258,0,0.0874,6.43e-05,0.106,0.884,117.948,157606,4
Pharrell Williams,"Happy (From ""Despicable Me 2"")","Happy - From ""Despicable Me 2""",3RkvscbM4aNbELiQf7PJwn,2014,0,0.662,0.757,5,-6.818,0,0.144,0,0.0885,0.962,159.945,233293,4
Train,"Save Me, San Francisco (Golden Gate Edition)","Hey, Soul Sister",4HlFJV71xXKIGcU3kRyttv,2010,81,0.673,0.886,1,-4.44,0,0.0431,0,0.0826,0.795,97.012,216773,4
Ed Sheeran,÷ (Deluxe),Galway Girl,0afhq8XCExXpqazXczTSve,2017,78,0.624,0.876,9,-3.374,1,0.1,0,0.327,0.781,99.943,170827,4
"Cardi B, Megan Thee Stallion",WAP (feat. Megan Thee Stallion),WAP (feat. Megan Thee Stallion),4Oun2ylbjFKMPTiaSbbCih,2020,79,0.935,0.454,1,-7.509,1,0.375,0,0.0824,0.357,133.073,187541,4
Rihanna,ANTI,Needed Me,1Tt4sE4pXi57mTD1GCzsqm,2016,0,0.671,0.314,5,-8.091,0,0.244,0,0.0825,0.296,110.898,191600,4
Internet Money,B4 The Storm,"Lemonade (feat. Gunna, Don Toliver & NAV)",7hxHWCCAIIxFLCzvDgnQHX,2020,76,0.8,0.658,1,-6.142,0,0.079,0,0.111,0.462,140.042,195429,4
Khalid,Suncity,Better,6zeeWid2sgw4lap2jV61PZ,2018,77,0.596,0.552,0,-10.278,0,0.097,0.334,0.104,0.112,97.949,229320,4
MAGIC!,Don't Kill the Magic,Rude,6RtPijgfPKROxEzTHNRiDp,2014,80,0.773,0.758,1,-4.993,1,0.0381,0,0.305,0.925,144.033,224840,4
"J Balvin, Bad Bunny",OASIS,LA CANCIÓN,0fea68AdmYNygeTGI4RC18,2019,88,0.754,0.646,7,-5.795,1,0.317,1.85e-05,0.108,0.429,176.089,242573,4
Lil Mosey,Certified Hitmaker,Blueberry Faygo,22LAwLoDA5b4AaGSkg6bKW,2020,74,0.774,0.554,0,-7.909,1,0.0383,0,0.132,0.349,99.034,162547,4
Desiigner,New English,Panda,5YEOzOojehCqxGQCcQiyR4,2016,69,0.576,0.766,10,-4.943,0,0.449,1.68e-06,0.366,0.236,144.833,246761,4
Jessie J,Sweet Talker (Deluxe Version),Bang Bang,0puf9yIluy9W0vpMEUoAnN,2014,78,0.706,0.786,0,-3.417,0,0.091,0,0.38,0.751,150.028,199387,4
Major Lazer,Peace Is The Mission (Extended),Light It Up (feat. Nyla & Fuse ODG) [Remix],40MkEbKzuSW9ET6HBngqnK,2015,0,0.747,0.877,9,-3.782,0,0.0664,0.000833,0.233,0.752,107.991,166138,4
Axwell /\ Ingrosso,More Than You Know,More Than You Know,6h5PAsRni4IRlxWr6uDPTP,2017,79,0.646,0.741,5,-4.973,0,0.034,0,0.312,0.571,123.077,203000,4
"Kendrick Lamar, SZA",Black Panther The Album Music From And Inspired By,All The Stars (with SZA),3GCdLUSnKSMJhs4Tj6CV3s,2018,82,0.698,0.633,8,-4.946,1,0.0597,0.000194,0.0926,0.552,96.924,232187,4
"Zedd, Alessia Cara",Stay,Stay,6uBhi9gBXWjanegOb2Phh0,2017,75,0.69,0.622,5,-5.025,0,0.0622,0,0.116,0.544,102.04,210091,4
"Hailee Steinfeld, Grey, Zedd",Starving,Starving,4Ce37cRWvM1vIGGynKcs22,2016,74,0.728,0.616,4,-4.238,1,0.0645,0,0.105,0.508,99.962,181880,4
Eminem,The Marshall Mathers LP,The Real Slim Shady,3yfqSUWxFvZELEM4PmlwIR,2000,87,0.949,0.661,5,-4.244,0,0.0572,0,0.0454,0.76,104.504,284200,4
Shakira,"Oral Fixation, Vol. 2 (Expanded Edition)",Hips Don't Lie (feat. Wyclef Jean),3ZFTkvIE7kyPt6Nu3PEa7V,2005,83,0.778,0.824,10,-5.892,0,0.0707,0,0.405,0.758,100.024,218093,4
blackbear,everything means nothing,hot girl bummer,6jRq8gaZhMUyy5RclRPcAf,2020,79,0.782,0.559,6,-7.106,0,0.0767,0,0.385,0.685,129.992,188344,1
"Snoop Dogg, Wiz Khalifa, Bruno Mars","Young, Wild & Free (feat. Bruno Mars)","Young, Wild & Free (feat. Bruno Mars)",5HQVUIKwCEXpe7JIHyY734,2011,77,0.715,0.655,0,-6.425,1,0.137,0,0.115,0.531,95.078,207333,4
"Martin Garrix, Dua Lipa",Scared to Be Lonely,Scared to Be Lonely,3ebXMykcMXOcLeJ9xZ17XH,2017,77,0.584,0.54,1,-7.786,0,0.0576,0,0.261,0.195,137.972,220883,4
Kanye West,Graduation,Stronger,6C7RJEIUDqKkJRZVWdkfkH,2007,0,0.625,0.726,10,-7.731,0,0.155,0,0.318,0.483,103.98,311867,4
Clean Bandit,New Eyes,Rather Be (feat. Jess Glynne),0am001WwFBVGDGLwRh3ixi,2014,60,0.799,0.586,11,-6.735,1,0.0377,2.03e-06,0.193,0.549,120.97,227833,4
"Offset, Metro Boomin",Without Warning,Ric Flair Drip (with Metro Boomin),7sO5G9EABYOXQKNPNiE9NR,2017,81,0.88,0.428,9,-8.28,1,0.206,5.05e-05,0.114,0.333,100.007,172800,4
The Weeknd,"My Dear Melancholy,",Call Out My Name,09mEdoA6zrmBPgTEN5qXmN,2018,88,0.461,0.593,1,-4.954,1,0.0356,0,0.307,0.175,134.17,228373,3
Portugal. The Man,Woodstock,Feel It Still,6QgjcU0zLnzq5OrUoSZ3OK,2017,76,0.801,0.795,1,-5.115,0,0.0504,0.000113,0.0717,0.754,79.028,163253,4
Maroon 5,Songs About Jane: 10th Anniversary Edition,She Will Be Loved - Radio Mix,4llK75pXNWZz6KAho2Gp16,2002,78,0.651,0.663,0,-5.569,0,0.0281,0,0.0994,0.465,102.0,259453,4
"Sam Smith, Normani",Dancing With A Stranger (with Normani),Dancing With A Stranger (with Normani),6Qs4SXO9dwPj5GKvVOv8Ki,2019,75,0.741,0.52,8,-7.513,1,0.0656,1.97e-06,0.222,0.347,102.998,171030,4
Fleetwood Mac,Rumours (Super Deluxe),Dreams - 2004 Remaster,0ofHAoxe9vBkTCp2UQIavz,1977,82,0.828,0.492,0,-9.744,1,0.0276,0.00428,0.128,0.789,120.151,257800,4
Pitbull,Global Warming: Meltdown (Deluxe Version),Timber (feat. Ke$ha),3cHyrEgdyYRjgJKSOiOtcS,2012,80,0.581,0.963,11,-4.087,1,0.0981,0,0.139,0.788,129.992,204160,4
Drake,Scorpion,Nice For What,3CA9pLiwRIGtUBiMjbZmRw,2018,78,0.585,0.909,8,-6.474,1,0.0707,9.7e-05,0.119,0.758,93.372,210747,4
Julia Michaels,Nervous System,Issues,7vu0JkJh0ldukEYbTVcqd0,2017,73,0.728,0.415,8,-6.852,1,0.0639,0,0.0616,0.455,114.145,176320,4
Ariana Grande,Positions,positions,35mvY5S1H3J2QZyna3TFe0,2020,83,0.737,0.802,0,-4.771,1,0.0878,0,0.0931,0.682,144.015,172325,4
AC/DC,Highway to Hell,Highway to Hell,2zYzyRzz6pRmhPzyfMEC8s,1979,84,0.574,0.913,6,-4.793,0,0.133,0.00158,0.156,0.423,115.728,208400,4
Maroon 5,Red Pill Blues (Deluxe),What Lovers Do (feat. SZA),2j5hsQvApottzvTn4pFJWF,2018,65,0.799,0.597,5,-5.131,0,0.0611,5.66e-06,0.1,0.419,110.001,199849,4
Shawn Mendes,Illuminate (Deluxe),Mercy,7evPpWWu01Klxi0KlPxR17,2016,0,0.568,0.686,11,-4.901,0,0.0903,0,0.11,0.4,148.294,208733,4
Maroon 5,V,Maps,4gbVRS8gloEluzf0GzDOFc,2014,83,0.742,0.713,1,-5.522,0,0.0303,0,0.059,0.879,120.032,189960,4
Ariana Grande,Dangerous Woman,Into You,2meEiZKWkiN28gITzFwQo5,2016,3,0.623,0.734,9,-5.948,1,0.107,1.75e-06,0.145,0.37,107.853,244453,4
Bon Jovi,Slippery When Wet,Livin' On A Prayer,37ZJ0p5Jm13JPevGcx4SkF,1986,84,0.532,0.887,0,-3.757,1,0.0335,0.000214,0.294,0.795,122.511,249293,4
Farruko,La 167,Pepas,2B4GHvToeLTOBB4QLzW3Ni,2021,73,0.762,0.766,7,-3.955,1,0.0343,6.98e-05,0.128,0.442,130.001,287120,4
Lil Tecca,We Love You Tecca,Ransom,1lOe9qE0vR9zwWQAOk6CoO,2019,79,0.745,0.642,7,-6.257,0,0.287,0,0.0658,0.226,179.974,131240,4
Juice WRLD,Death Race For Love,Robbery,6Hj9jySrnFppAI0sEMCZpJ,2019,8,0.685,0.692,2,-5.122,1,0.0457,0,0.153,0.578,159.966,240051,5
Milky Chance,Sadnecessary,Stolen Dance,6vECYJHxYmm3Ydt3fF01pE,2014,73,0.885,0.581,11,-8.813,1,0.0378,0.000204,0.0759,0.728,114.016,313684,4
Eminem,Recovery,Love The Way You Lie,15JINEqzVMv3SvJTAXAKED,2010,82,0.749,0.925,10,-5.034,1,0.227,0,0.52,0.641,86.989,263373,4
Coldplay,X&Y,Fix You,7LVHVU3tWfcxj5aiPFEW4Q,2005,83,0.209,0.417,3,-8.74,1,0.0338,0.00196,0.113,0.124,138.178,295533,4
Adele,30,Easy On Me,46IZ0fSY2mpAiktS3KOqds,2021,81,0.604,0.366,5,-7.519,1,0.0282,0,0.133,0.13,141.981,224695,4
"Pedro Capó, Farruko",Calma (Remix),Calma - Remix,5iwz1NiezX7WWjnCgY5TH4,2018,73,0.826,0.773,11,-4.218,0,0.0524,0,0.143,0.761,126.899,238200,4
Demi Lovato,Tell Me You Love Me,Sorry Not Sorry,0yvPEnB032fojLfVluFjUv,2017,75,0.706,0.643,11,-6.929,0,0.234,0,0.262,0.885,143.931,203760,4
Travis Scott,BUTTERFLY EFFECT,BUTTERFLY EFFECT,1yxgsra98r3qAtxqiGZPiX,2017,0,0.763,0.598,11,-6.865,1,0.0539,0,0.112,0.182,140.987,190678,4
The Script,#3,Hall of Fame (feat. will.i.am),1X1DWw2pcNZ8zSub3uhlNz,2012,68,0.421,0.873,10,-4.343,1,0.0564,0,0.123,0.629,84.786,202533,4
"Lil Baby, Gunna",Drip Harder,Drip Too Hard (Lil Baby & Gunna),78QR3Wp35dqAhFEc2qAGjE,2018,84,0.897,0.662,1,-6.903,0,0.292,0,0.534,0.389,112.511,145543,4
Post Malone,Hollywood's Bleeding,Goodbyes (feat. Young Thug),0t3ZvGKlmYmVsDzBJAXK8C,2019,79,0.548,0.653,5,-3.875,1,0.081,0,0.103,0.163,150.068,174853,4
The Goo Goo Dolls,Dizzy up the Girl,Iris,6Qyc6fS4DsZjB2mRW9DsQs,1998,82,0.315,0.715,11,-8.072,0,0.0362,7.97e-06,0.0942,0.497,155.925,289533,3
Avicii,Stories,Waiting For Love,2P4OICZRVAQcYAV2JReRfj,2015,80,0.579,0.736,6,-3.863,0,0.0527,0,0.198,0.613,127.999,230613,4
Robin Schulz,Sugar,Sugar (feat. Francesco Yates),5tf1VVWniHgryyumXyJM7w,2015,76,0.636,0.815,5,-5.098,0,0.0581,0,0.163,0.636,123.063,219043,4
Tom Odell,Long Way Down,Another Love,7otCGmgp9h4CsR2LhwB6gt,2013,72,0.445,0.537,4,-8.532,0,0.04,1.6e-05,0.0941,0.131,122.764,244360,4
Miley Cyrus,The Time Of Our Lives,Party In The U.S.A.,5Q0Nhxo0l2bP3pNjpGJwV1,2009,75,0.652,0.698,10,-4.667,0,0.042,0.000115,0.0886,0.47,96.021,202067,4
Coolio,Gangsta's Paradise,Gangsta's Paradise,1DIXPcTDzTj8ZMHt3PDt8p,1995,87,0.647,0.514,8,-10.05,1,0.0593,0,0.398,0.386,79.975,240693,4
Doja Cat,Planet Her,Woman,6Uj1ctrBOjOas8xZXGqKk4,2021,87,0.824,0.764,5,-4.175,0,0.0854,0.00294,0.117,0.881,107.998,172627,4
Doja Cat,Hot Pink,Say So,3Dv1eDb0MEgF93GpLXlucZ,2019,78,0.787,0.673,11,-4.583,0,0.159,3.35e-06,0.0904,0.779,110.962,237893,4
Ariana Grande,My Everything (Deluxe),One Last Time,7xoUc6faLbCqZO6fQEYprd,2014,82,0.628,0.593,8,-5.036,1,0.0323,1.65e-06,0.096,0.104,125.026,197267,4
Backstreet Boys,Millennium,I Want It That Way,47BBI51FKFwOMlIiX6m8ya,1999,80,0.689,0.694,6,-5.83,0,0.027,0,0.148,0.482,99.039,213307,4
AC/DC,The Razors Edge,Thunderstruck,57bgtoPSgt236HzfBOd8kj,1990,83,0.502,0.89,4,-5.175,1,0.0364,0.0117,0.217,0.259,133.52,292880,4
MKTO,MKTO,Classic,6FE2iI43OZnszFLuLtvvmg,2012,80,0.72,0.791,1,-4.689,1,0.124,0,0.157,0.756,102.071,175427,4
Masked Wolf,Astronomical,Astronaut In The Ocean,6E90gq0KO6FYZVOXx8kCcC,2021,70,0.778,0.695,4,-6.865,0,0.0913,0,0.15,0.472,149.996,132780,4
Tate McRae,you broke me first,you broke me first,45bE4HXI0AwGZXfZtMp8JR,2020,83,0.667,0.373,4,-9.389,1,0.05,0,0.0906,0.0823,124.148,169266,4
The Chainsmokers,Memories...Do Not Open,Paris,72jbDTw1piOOj770jWNeaG,2017,73,0.653,0.658,2,-6.428,1,0.0304,1.66e-06,0.0939,0.219,99.99,221507,4
Anuel AA,Emmanuel,China,0KkIkfsLEJbrcIhYsCL7L5,2020,69,0.786,0.808,7,-3.702,1,0.0881,0.000289,0.0822,0.608,105.029,301714,4
Red Hot Chili Peppers,Blood Sugar Sex Magik,Under the Bridge,5PclxRY6shIQzSKxxbdZso,1991,45,0.559,0.345,4,-13.496,1,0.0459,0.000105,0.141,0.458,84.581,264307,4
Dr. Dre,2001,Still D.R.E.,503OTo2dSqe7qk76rgsbep,1999,83,0.816,0.775,11,-3.323,1,0.234,0.00031,0.0543,0.527,93.431,270587,4
Bad Bunny,Yonaguni,Yonaguni,2JPLbjOn0wPCngEot2STUS,2021,86,0.644,0.648,1,-4.601,1,0.118,0,0.135,0.44,179.951,206710,4
Radiohead,Pablo Honey,Creep,6b2oQwSGFkzsMtQruIWm2p,1993,2,0.515,0.43,7,-9.935,1,0.0369,0.000141,0.129,0.104,91.841,238640,4
Olivia Rodrigo,SOUR,deja vu,6HU7h9RYOaPRFeh0R3UeAr,2021,86,0.442,0.612,2,-7.222,1,0.112,5.7e-06,0.37,0.178,180.917,215507,4
"Nio Garcia, Casper Magico, Bad Bunny, Darell, Ozuna, Nicky Jam",Te Boté (Remix),Te Boté - Remix,3V8UKqhEK5zBkBb6d6ub8i,2018,77,0.903,0.675,11,-3.445,0,0.214,1.28e-05,0.0595,0.442,96.507,417920,4
Don Omar,Meet The Orphans,Danza Kuduro,2a1o6ZejUi8U3wzzOtCOYw,2010,78,0.4,0.915,0,-4.89,1,0.28,0,0.0503,0.878,88.917,198773,3
Future,High Off Life,Life Is Good (feat. Drake),1K5KBOgreBi5fkEHvg5ap3,2020,71,0.795,0.574,2,-6.903,0,0.487,0,0.15,0.537,142.053,237918,4
Eminem,Music To Be Murdered By,Godzilla (feat. Juice WRLD),7FIWs0pqAYbP91WWM0vlTQ,2020,82,0.808,0.745,10,-5.26,0,0.342,0,0.292,0.829,165.995,210800,4
Conan Gray,Kid Krow,Heather,4xqrdfXkTW4T0RauPLv3WA,2020,86,0.357,0.425,5,-7.301,1,0.0333,0,0.322,0.27,102.078,198040,3
James Bay,Chaos And The Calm,Let It Go,13HVjjWUZFaWilh2QUJKsP,2014,69,0.546,0.311,1,-10.396,1,0.0288,1.65e-05,0.107,0.246,147.464,260533,4
BTS,Proof,Butter,6jjYDGxVJsWS0a5wlVF5vS,2022,81,0.759,0.459,8,-5.187,1,0.0948,0,0.0788,0.695,109.997,164952,4
Red Hot Chili Peppers,Californication,Californication,34KTEhpPjq6IAgQg2yzJAL,1999,59,0.592,0.767,9,-2.788,0,0.027,0.00165,0.127,0.328,96.483,329733,4
"Jason Derulo, Nicki Minaj, Ty Dolla $ign",Swalla (feat. Nicki Minaj & Ty Dolla $ign),Swalla (feat. Nicki Minaj & Ty Dolla $ign),6kex4EBAj0WHXDKZMEJaaF,2017,75,0.696,0.817,1,-3.862,1,0.109,0,0.187,0.782,98.064,216409,4
"Jack Ü, Skrillex, Diplo, Justin Bieber",Skrillex and Diplo present Jack Ü,Where Are Ü Now (with Justin Bieber),66hayvUbTotekKU3H4ta1f,2015,73,0.432,0.781,4,-4.038,0,0.0567,4.21e-06,0.0789,0.197,139.432,250286,4
Lynyrd Skynyrd,Second Helping (Expanded Edition),Sweet Home Alabama,7e89621JPkKaeDSTQ3avtg,1974,80,0.596,0.605,7,-12.145,1,0.0255,0.000331,0.0863,0.886,97.798,283800,4
"Jawsh 685, Jason Derulo",Savage Love (Laxed - Siren Beat),Savage Love (Laxed - Siren Beat),1xQ6trAsedVPCdbtDAmk0c,2020,75,0.767,0.481,0,-8.52,0,0.0803,0,0.269,0.761,150.076,171375,4
"Topic, A7S",Breaking Me,Breaking Me,3H7ihDc1dqLriiWXwsc2po,2019,77,0.789,0.72,8,-5.652,0,0.218,0,0.129,0.664,122.031,166794,4
Fetty Wap,Fetty Wap (Deluxe),Trap Queen,2d8JP84HNLKhmd6IYOoupQ,2015,73,0.746,0.873,7,-3.803,1,0.128,0,0.354,0.817,148.075,222093,4
Katy Perry,PRISM (Deluxe),Dark Horse,5jrdCoLpJSvHHorevXBATy,2013,79,0.645,0.585,6,-6.122,1,0.0513,0,0.165,0.353,131.931,215672,4
"Jonas Blue, Dakota",Fast Car,Fast Car,2mCF8L0brIs88eH6Kf2h9p,2015,66,0.644,0.57,9,-6.994,1,0.052,0,0.299,0.527,113.945,212424,4
Snow Patrol,Eyes Open,Chasing Cars,11bD1JtSjlIgKgZG2134DZ,2006,50,0.563,0.592,9,-4.571,1,0.0276,5.08e-05,0.132,0.136,104.016,267933,4
"Joel Corry, MNEK",Head & Heart (feat. MNEK),Head & Heart (feat. MNEK),6cx06DFPPHchuUAcTxznu9,2020,78,0.734,0.874,8,-3.158,1,0.0662,1.14e-05,0.0489,0.905,122.953,166028,4
Kings of Leon,Only By The Night,Sex on Fire,0ntQJM78wzOLVeCUAW7Y45,2008,81,0.542,0.905,9,-5.653,1,0.054,0.0104,0.136,0.374,153.398,203347,4
"Lil Wayne, Wiz Khalifa, Imagine Dragons, X Ambassadors, Logic, Ty Dolla $ign",Sucker for Pain (with Logic & Ty Dolla $ign feat. X Ambassadors),"Sucker for Pain (with Wiz Khalifa, Imagine Dragons, Logic & Ty Dolla $ign feat. X Ambassadors)",4dASQiO1Eoo3RJvt74FtXB,2016,76,0.502,0.786,9,-4.378,0,0.317,0,0.65,0.739,169.021,243491,4
Justin Bieber,Changes,Intentions (feat. Quavo),4umIPjkehX1r7uhmGvXiSV,2020,76,0.806,0.546,9,-6.637,1,0.0575,0,0.102,0.874,147.986,212867,4
21 Savage,Issa Album,Bank Account,2fQrGHiQOvpL9UgPvtYy6G,2017,10,0.884,0.347,8,-8.227,0,0.35,7e-06,0.0871,0.376,75.016,220307,4
Maroon 5,V,Animals,2bL2gyO6kBdLkNSkxXNh6x,2014,79,0.279,0.742,4,-6.46,0,0.0898,0,0.593,0.328,189.868,231013,4
"JAY-Z, Kanye West",Watch The Throne (Deluxe),Ni**as In Paris,2Zb7wnGUnNPCas2E0wWSQ5,2011,39,0.788,0.859,1,-5.542,1,0.315,0,0.348,0.769,140.027,219333,4
Coldplay,A Head Full of Dreams,Hymn for the Weekend,3RiPr603aXAoi4GHyXx0uy,2015,84,0.491,0.693,0,-6.487,0,0.0377,6.92e-06,0.325,0.412,90.027,258267,4
Gorillaz,Demon Days,Feel Good Inc.,0d28khcov6AiegSCpG5TuT,2005,83,0.818,0.705,6,-6.679,1,0.177,0.00233,0.613,0.772,138.559,222640,4
Adele,25,When We Were Young,7IWkJwX9C0J7tHurTD7ViL,2016,0,0.381,0.594,3,-5.97,1,0.0486,0,0.0925,0.273,143.86,290907,4
Billie Eilish,Ocean Eyes,ocean eyes,2uIX8YMNjGMD7441kqyyNU,2016,67,0.475,0.37,4,-7.725,0,0.0361,0.0577,0.0841,0.157,144.828,200560,4
"Loud Luxury, Brando",Body,Body,21RzyxY3EFaxVy6K4RqaU9,2017,74,0.752,0.764,1,-4.399,1,0.038,9.44e-05,0.0543,0.582,121.958,163216,4
"Hailee Steinfeld, Alesso, Florida Georgia Line, WATT","Let Me Go (with Alesso, Florida Georgia Line & watt)","Let Me Go (with Alesso, Florida Georgia Line & watt)",5Gu0PDLN4YJeW75PpBSg9p,2017,76,0.664,0.708,8,-4.154,1,0.0474,0,0.0841,0.742,103.07,174800,4
Rudimental,Toast to Our Differences (Deluxe Edition),"These Days (feat. Jess Glynne, Macklemore & Dan Caplen)",7mkT9kS25nUIoNkm02Ww0n,2019,58,0.654,0.798,0,-4.084,1,0.0451,0,0.15,0.574,92.207,211760,4
Post Malone,Stoney (Deluxe),White Iverson,6eT7xZZlB2mwyzJ2sUKG6w,2016,76,0.675,0.562,7,-7.678,1,0.0352,0,0.0816,0.309,130.098,256533,4
Lorde,Pure Heroine,Royals,2dLLR6qlu5UJ5gk0dKz0h3,2013,78,0.674,0.428,7,-9.504,1,0.122,0,0.132,0.337,84.878,190185,4
Rihanna,Good Girl Gone Bad,Umbrella,2yPoXCs7BSIUrucMdK5PzV,2007,68,0.583,0.829,1,-4.603,1,0.134,0,0.0426,0.575,174.028,275987,4
XXXTENTACION,?,Hope,2ZRo7axmMPeSVUvDbGkJah,2018,84,0.592,0.457,9,-6.081,0,0.0603,0.000331,0.146,0.225,146.04,110886,4
J. Cole,MIDDLE CHILD,MIDDLE CHILD,2JvzF1RMd7lE3KmFlsyZD8,2019,80,0.837,0.364,8,-11.713,1,0.276,0,0.271,0.463,123.984,213594,4
Meek Mill,Championships,Going Bad (feat. Drake),2IRZnDFmlqMuOrYOLnZZyc,2018,79,0.889,0.496,4,-6.365,0,0.0905,0,0.252,0.544,86.003,180522,4
"Kygo, Conrad Sewell",Firestone,Firestone,2sNvitW3TxiTeC9xT9f2ZZ,2015,16,0.486,0.652,11,-7.226,0,0.052,6.63e-05,0.077,0.391,113.055,273684,4
"Calvin Harris, Pharrell Williams, Katy Perry, Big Sean, Funk Wav",Funk Wav Bounces Vol.1,"Feels (feat. Pharrell Williams, Katy Perry & Big Sean)",5bcTCxgc7xVfSaMV3RuVke,2017,77,0.893,0.745,11,-3.105,0,0.0571,0,0.0943,0.872,101.018,223413,4
Rihanna,ANTI (Deluxe),Love On The Brain,5oO3drDxtziYU2H1X23ZIp,2016,83,0.509,0.637,4,-4.83,0,0.0471,1.08e-05,0.0789,0.378,172.006,224000,3
Calvin Harris,18 Months,We Found Love (feat. Rihanna),0385HqYimoTQaHZP17KwG1,2012,0,0.738,0.776,1,-4.808,1,0.0392,0.0018,0.0775,0.608,127.984,215520,4
P!nk,The Truth About Love,Just Give Me a Reason,1qHaLcG3LOeh6ZB8vii5ZZ,2012,0,0.778,0.547,2,-7.273,1,0.0489,0.000302,0.132,0.441,95.002,242733,4
Clean Bandit,What Is Love? (Deluxe Edition),Solo (feat. Demi Lovato),3NuK5xMlSlB6K2Qp16zf3h,2018,65,0.74,0.622,11,-4.608,0,0.0446,4.85e-05,0.356,0.556,104.966,222707,4
Outkast,Speakerboxxx/The Love Below,Hey Ya!,2PpruBYCo4H7WOBJ7Q2EwM,2003,80,0.727,0.974,4,-2.261,0,0.0664,0.000532,0.174,0.965,79.526,235213,4
Dua Lipa,Future Nostalgia,Break My Heart,017PF4Q3l4DBUiWoXk4OWT,2020,77,0.73,0.729,4,-3.434,0,0.0884,1.39e-06,0.349,0.467,113.011,221820,4
Coldplay,Ghost Stories,A Sky Full of Stars,0FDzzruyVECATHXKHFs9eJ,2014,83,0.545,0.675,6,-6.474,1,0.0279,0.00197,0.209,0.162,124.97,267867,4
Pitbull,Globalization,Time of Our Lives,2bJvI42r8EF3wxjOuDav4r,2014,79,0.721,0.802,1,-5.797,1,0.0583,0,0.694,0.724,124.022,229360,4
Metallica,Metallica (Remastered),Enter Sandman (Remastered),3VqHuw0wFlIHcIPWkhIbdQ,1991,76,0.566,0.834,6,-8.412,0,0.0298,0.008,0.0625,0.621,123.296,331560,4
Ed Sheeran,=,Shivers,50nfwKoDiSYg8zOCREWAm5,2021,86,0.788,0.859,2,-2.724,1,0.0856,0,0.0424,0.822,141.02,207853,4
Olivia Rodrigo,SOUR,traitor,5CZ40GBx1sQ9agT82CLQCT,2021,86,0.38,0.339,3,-7.885,1,0.0338,0,0.12,0.0849,100.607,229227,4
Queen,News Of The World (Deluxe Remastered Version),We Will Rock You - Remastered 2011,54flyrjcdnQdco7300avMJ,1977,69,0.693,0.497,2,-7.316,1,0.119,0,0.258,0.473,81.308,122067,4
The Fray,How To Save A Life,How to Save a Life,5fVZC9GiM4e8vu99W0Xf6J,2005,79,0.64,0.743,10,-4.08,1,0.0379,0,0.101,0.361,122.035,262533,4
Drake,Views,Too Good,7fJtPlEZKxu6gvkfBFc5tW,2016,0,0.793,0.653,7,-7.839,1,0.103,4.91e-05,0.1,0.393,117.993,263373,4
Taylor Swift,1989,Blank Space,1p80LdxRV74UKvL8gnD7ky,2014,75,0.753,0.678,5,-5.421,1,0.0644,1.64e-06,0.13,0.583,96.006,231827,4
Bazzi,COSMIC,Mine,7uzmGiiJyRfuViKKK3lVmR,2018,74,0.71,0.789,4,-3.874,1,0.0722,2.77e-06,0.451,0.717,142.929,131064,4
Arctic Monkeys,AM,Why'd You Only Call Me When You're High?,086myS9r57YsLbJpU0TgK9,2013,87,0.691,0.631,2,-6.478,1,0.0368,1.13e-05,0.104,0.8,92.004,161124,4
DJ Snake,Middle,Middle,2bKhIGdMdcqCqQ2ZhSv5nE,2015,0,0.564,0.737,9,-4.079,1,0.0414,0,0.054,0.211,104.764,220573,4
"Eurythmics, Annie Lennox, Dave Stewart",Sweet Dreams (Are Made Of This),Sweet Dreams (Are Made of This) - Remastered,1TfqLAPs4K3s2rJMoCokcS,1983,82,0.692,0.711,0,-7.498,0,0.0317,0,0.12,0.875,125.135,216933,4
Maroon 5,Hands All Over,"Moves Like Jagger - Studio Recording From ""The Voice"" Performance",7LcfRTgAVTs5pQGEQgUEzN,2010,70,0.722,0.758,11,-4.477,0,0.0471,0,0.308,0.62,128.047,201160,4
"Rihanna, Kanye West, Paul McCartney",FourFiveSeconds,FourFiveSeconds,78TTtXnFQPzwqlbtbwqN0y,2015,77,0.582,0.272,2,-5.662,1,0.0501,0,0.13,0.354,205.846,188238,4
DJ Khaled,Grateful,Wild Thoughts (feat. Rihanna & Bryson Tiller),1OAh8uOEOvTDqkKFsKksCi,2017,72,0.671,0.672,0,-3.094,0,0.0688,0,0.118,0.632,97.979,204173,4
The Chainsmokers,Roses,Roses,3vv9phIu6Y1vX3jcqaGz5Z,2015,72,0.713,0.802,4,-7.055,1,0.0561,0.00377,0.309,0.343,100.001,226739,4
"Kungs, Cookin' On 3 Burners",This Girl (Kungs Vs. Cookin' On 3 Burners),This Girl (Kungs Vs. Cookin' On 3 Burners),3YlrH4ydAKkxuej6F4Nnkl,2016,0,0.786,0.69,3,-4.665,1,0.04,9.03e-05,0.238,0.485,122.006,195561,4
Tiësto,The Business,The Business,6f3Slt0GbA2bPZlz0aIFXN,2020,81,0.798,0.62,8,-7.079,0,0.232,0.0192,0.112,0.235,120.031,164000,4
BTS,MAP OF THE SOUL : PERSONA,Boy With Luv (feat. Halsey),5KawlOMHjWeUjQtnuRs22c,2019,7,0.645,0.862,11,-4.757,0,0.0965,0,0.192,0.798,119.991,229773,4
Imagine Dragons,Evolve,Whatever It Takes,0yt31hMKZMiyIEfiBiLD2N,2017,0,0.675,0.674,1,-4.984,1,0.0305,0,0.128,0.569,134.941,201240,4
Selena Gomez,Rare,Lose You To Love Me,4l0Mvzj72xxOpRrp6h8nHi,2020,80,0.488,0.343,4,-8.985,1,0.0436,0,0.21,0.0978,102.819,206459,4
Black Eyed Peas,THE E.N.D. (THE ENERGY NEVER DIES),I Gotta Feeling,4vp2J1l5RD4gMZwGFLfRAu,2009,8,0.743,0.766,0,-6.375,1,0.0265,0,0.509,0.61,127.96,289133,4
Liam Payne,Strip That Down,Strip That Down,6EpRaXYhGOB3fj4V2uDkMJ,2017,0,0.869,0.485,6,-5.595,1,0.0545,0,0.0765,0.527,106.028,204502,4
Imagine Dragons,Origins (Deluxe),Natural,2FY7b99s15jUprqC0M5NCT,2018,81,0.704,0.611,2,-6.112,1,0.0409,0,0.0812,0.22,100.0,189467,4
Calvin Harris,How Deep is Your Love (feat. Disciples),How Deep is Your Love (feat. Disciples),22mek4IiqubGD9ctzxc69s,2015,76,0.738,0.868,11,-4.373,0,0.0731,0.00169,0.388,0.336,122.003,212640,4
"Bruno Mars, Anderson .Paak, Silk Sonic",An Evening With Silk Sonic,Leave The Door Open,02VBYrHfVwfEWXk5DXyf0T,2021,83,0.586,0.616,5,-7.964,1,0.0324,0,0.0927,0.719,148.088,242096,4
Daniel Caesar,Freudian,Best Part (feat. H.E.R.),1RMJOxR6GRPsBHL8qeC2ux,2017,79,0.524,0.364,7,-10.209,1,0.0367,0,0.1,0.436,75.24,209831,4
Survivor,Eye Of The Tiger,Eye of the Tiger,2HHtWyy5CgaQbC7XSoOb0e,1982,74,0.815,0.438,0,-14.522,0,0.0346,0.000466,0.0787,0.552,108.965,243773,4
Wham!,LAST CHRISTMAS,Last Christmas,2FRnf9qhLbvw8fu4IBXx78,1984,78,0.735,0.478,2,-12.472,1,0.0293,2.48e-06,0.355,0.947,107.682,262960,4
Fall Out Boy,American Beauty/American Psycho,Centuries,04aAxqtGp5pv12UXAg4pkq,2015,79,0.393,0.858,4,-2.868,0,0.0729,0,0.102,0.56,176.042,228360,4
"Calvin Harris, Sam Smith, Jessie Reyez",Promises (with Sam Smith),Promises (with Sam Smith),5N5k9nd479b1xpDZ4usjrg,2018,76,0.781,0.768,11,-5.991,1,0.0394,4.91e-06,0.325,0.486,123.07,213309,4
Drake,Scorpion,Nonstop,0TlLq3lA83rQOYtrqBqSct,2018,78,0.912,0.412,7,-8.074,1,0.123,0.0126,0.104,0.423,154.983,238614,4
Kodak Black,Dying to Live,ZEZE (feat. Travis Scott & Offset),0FZ4Dmg8jJJAPJnvBIzD9z,2018,76,0.861,0.603,8,-5.788,0,0.176,0,0.0924,0.504,98.043,228760,4
Billie Eilish,"WHEN WE ALL FALL ASLEEP, WHERE DO WE GO?",bury a friend,4SSnFejRGlZikf02HLewEF,2019,75,0.905,0.389,8,-14.505,1,0.332,0.162,0.106,0.196,120.046,193143,4
Kendrick Lamar,DAMN.,LOVE. FEAT. ZACARI.,6PGoSes0D9eUDeeAafB2As,2017,82,0.8,0.585,10,-7.343,1,0.0924,0,0.153,0.779,126.058,213400,4
Carly Rae Jepsen,Call Me Maybe,Call Me Maybe,6ol4ZSifr7r3Lb2a9L5ZAB,2012,49,0.783,0.584,7,-6.572,1,0.0409,2.91e-06,0.108,0.632,120.031,193467,4
Pop Smoke,Shoot For The Stars Aim For The Moon,For The Night (feat. Lil Baby & DaBaby),0PvFJmanyNQMseIFrU708S,2020,80,0.823,0.586,6,-6.606,0,0.2,0,0.193,0.347,125.971,190476,4
A Great Big World,Is There Anybody Out There?,Say Something,6Vc5wAMmXdKIAM7WUoEb7N,2014,73,0.407,0.147,2,-8.822,1,0.0355,2.89e-06,0.0913,0.0765,141.284,229400,3
Kendrick Lamar,DAMN.,DNA.,6HZILIRieu8S0iqY8kIKhj,2017,79,0.638,0.523,1,-6.664,1,0.357,0,0.0842,0.422,139.913,185947,4
Jonas Blue,Jonas Blue: Electronic Nature - The Mix 2017,Perfect Strangers,5bZtRlMBU76vHuDOb1GM5u,2017,39,0.739,0.833,1,-5.012,1,0.0463,0,0.266,0.699,117.99,195313,4
Jason Derulo,Everything Is 4,Want to Want Me,7oGZAicScQt96OAW4AruYy,2015,74,0.775,0.68,0,-5.508,0,0.0629,0,0.109,0.656,114.025,207719,4
R.E.M.,Out Of Time (25th Anniversary Edition),Losing My Religion,31AOj9sFz2gM0O3hMARRBx,1991,83,0.666,0.855,9,-5.051,0,0.0295,1.2e-06,0.0987,0.803,125.639,268427,4
Flo Rida,My House,My House,6Knv6wdA0luoMUuuoYi2i1,2015,75,0.688,0.702,7,-4.792,0,0.0499,0,0.128,0.74,94.006,192191,4
Lil Peep,"Come Over When You're Sober, Pt. 2",Falling Down - Bonus Track,4jvjzW7Hm0yK4LvvE0Paz9,2018,80,0.669,0.574,4,-6.442,0,0.0286,0.00294,0.146,0.273,120.013,196400,4
Post Malone,Candy Paint,Candy Paint,42CeaId2XNlxugDvyqHfDf,2017,0,0.765,0.688,4,-5.566,1,0.0841,0,0.0734,0.434,90.013,229573,4
"BlocBoy JB, Drake",Look Alive (feat. Drake),Look Alive (feat. Drake),4qKcDkK6siZ7Jp1Jb4m0aL,2018,74,0.922,0.581,10,-7.495,1,0.27,5.86e-05,0.105,0.595,140.022,181263,4
"Macklemore & Ryan Lewis, Macklemore, Ryan Lewis, Wanz",Thrift Shop (feat. Wanz),Thrift Shop (feat. Wanz),1CmUZGtH29Kx36C1Hleqlz,2012,66,0.781,0.526,6,-6.985,0,0.293,0,0.0457,0.662,94.992,235613,4
Guns N' Roses,Appetite For Destruction,Welcome To The Jungle,5NIPsWpDjJTFBoPxCUUeXp,1987,1,0.445,0.955,8,-8.027,1,0.0856,0.284,0.317,0.336,123.343,273600,4
Drake,Fake Love,Fake Love,6NMNgWgEAzde5M8U3lc6FN,2016,0,0.924,0.543,9,-7.474,0,0.298,0,0.103,0.736,133.907,207813,4
The Weeknd,Beauty Behind The Madness,Earned It (Fifty Shades Of Grey),4frLb7nWtsz2ymBE6k2GRP,2015,74,0.659,0.291,2,-8.275,0,0.0348,0,0.0771,0.406,119.829,277680,3
"Kygo, Parson James",Stole the Show,Stole the Show,4iZPNYqzI2L0uwuUKun7Aa,2015,16,0.679,0.662,8,-6.069,0,0.174,0,0.152,0.438,99.879,222801,4
Starley,Call On Me (Remixes),Call on Me - Ryan Riback Remix,2L6orAlH8tBhiFTumIfMyF,2016,61,0.67,0.838,0,-4.031,1,0.0362,0.000611,0.159,0.717,104.998,222041,4
Ed Sheeran,x (Deluxe Edition),I See Fire,5pY3ovFxbvAg7reGZjJQSp,2014,0,0.641,0.176,6,-11.692,1,0.0349,5.14e-06,0.252,0.297,76.031,299147,4
"Lilly Wood and The Prick, Robin Schulz",Prayer in C,Prayer in C - Robin Schulz Radio Edit,5fnA9mkIfScSqHIpeDyvck,2014,72,0.763,0.875,9,-5.797,0,0.0262,5.41e-06,0.599,0.8,123.013,189413,4
Galantis,No Money,No Money,0gb1J5UrTpzaU1s3nupgCd,2016,66,0.671,0.916,6,-4.014,0,0.0397,0.00762,0.24,0.803,126.01,189127,4
Mr. Probz,Waves (Robin Schulz Radio Edit),Waves - Robin Schulz Radio Edit,5Sf3GyLEAzJXxZ5mbCPXTu,2014,1,0.829,0.51,5,-9.334,0,0.0369,0.0014,0.0829,0.45,119.993,208133,4
Nicky Jam,Fénix,El Perdón (with Enrique Iglesias),7qCAVkHWZkF44OzOUKf8Cr,2017,72,0.628,0.69,8,-5.83,1,0.0511,0,0.113,0.66,179.908,205907,4
Rae Sremmurd,SremmLife 2 (Deluxe),Black Beatles,6fujklziTHa8uoM5OQSfIo,2016,75,0.794,0.632,0,-6.163,1,0.0649,0,0.128,0.355,145.926,291893,4
R. City,What Dreams Are Made Of,Locked Away (feat. Adam Levine),7x5xYW5W42OGPAdHUyyguy,2015,77,0.509,0.671,1,-5.709,1,0.0678,0,0.0452,0.55,118.413,227480,5
Felix Jaehn,Ain't Nobody (Loves Me Better),Ain't Nobody (Loves Me Better),3vbqb78xzvD3CJl7ZeW83c,2015,44,0.777,0.564,2,-6.967,0,0.0315,0.000252,0.0696,0.465,117.973,186147,4
Taylor Swift,1989,Shake It Off,5xTtaWoae3wi06K5WfVUUH,2014,73,0.647,0.785,7,-5.414,1,0.165,0,0.148,0.943,160.015,219200,4
Ariana Grande,My Everything (Deluxe),Break Free,12KUFSHFgT0XCoiSlvdQi4,2014,75,0.687,0.702,7,-5.324,0,0.0455,4.35e-05,0.204,0.284,129.956,214840,4
Fifth Harmony,Reflection (Deluxe),Worth It (feat. Kid Ink),41Fflg7qHiVOD6dEPvsCzO,2015,73,0.884,0.765,8,-3.865,1,0.0882,7.04e-06,0.118,0.594,99.987,224573,4
Sam Smith,How Do You Sleep?,How Do You Sleep?,6b2RcmUt1g9N9mQ3CbjX2Y,2019,74,0.477,0.682,1,-4.931,0,0.0925,0,0.0763,0.345,110.567,202205,5
"Dan + Shay, Justin Bieber","10,000 Hours (with Justin Bieber)","10,000 Hours (with Justin Bieber)",2wrJq5XKLnmhRXHIAf9xBa,2019,76,0.654,0.63,10,-4.644,1,0.0259,0,0.111,0.43,89.991,167693,4
Bruno Mars,Doo-Wops & Hooligans,Talking to the Moon,161DnLWsx1i3u1JT05lzqU,2010,81,0.498,0.59,1,-4.721,0,0.032,0,0.107,0.0784,145.867,217867,4
Imagine Dragons,Mercury - Act 1,Enemy (with JID) - from the series Arcane League of Legends,1HhNoOuqm1a5MXYEgAFl8o,2021,39,0.728,0.783,11,-4.424,0,0.266,0,0.434,0.555,77.011,173381,4
Billie Eilish,Happier Than Ever,Happier Than Ever,4RVwu0g32PAqgUiJoXsdF8,2021,87,0.332,0.225,0,-8.697,1,0.0348,0.00349,0.128,0.297,81.055,298899,3
One Direction,Drag Me Down,Drag Me Down,70OTIpw8x8UXUsuCHW9i1i,2015,0,0.723,0.711,0,-5.576,0,0.0378,0,0.0528,0.606,138.098,192107,4
Robin Thicke,Blurred Lines,Blurred Lines,5PUvinSo4MNqW7vmomGRS7,2013,55,0.861,0.504,7,-7.707,1,0.0489,1.78e-05,0.0783,0.881,120.0,263053,4
Coldplay,A Head Full of Dreams,Adventure of a Lifetime,69uxyAqqPIsUyTO8txoP2M,2015,78,0.638,0.924,7,-3.887,1,0.036,0.000175,0.149,0.53,111.995,263787,4
Katy Perry,PRISM,Roar,27tNWlhdAryQY04Gb2ZhUI,2013,77,0.671,0.771,7,-4.821,0,0.0316,7.28e-06,0.354,0.436,90.003,223546,4
Iggy Azalea,Fancy,Fancy,3oqCnpAoHf3SDFynxx7AU4,2014,0,0.911,0.709,10,-4.139,0,0.0673,0,0.0491,0.365,94.979,199938,4
Avicii,True,Hey Brother,4RXpgGM7A4Hg7cFBoH5KyF,2013,1,0.545,0.78,7,-4.867,0,0.0436,4.64e-05,0.0828,0.458,125.014,255093,4
Drake,Nothing Was The Same (Deluxe),"Hold On, We're Going Home",14Rcq31SafFBHNEwXrtR2B,2013,0,0.776,0.413,6,-7.438,0,0.0952,2.68e-05,0.0724,0.287,100.003,227880,4
George Ezra,Did You Hear the Rain?,Budapest,48gsLPdOUEDjr7P8Wvykne,2013,49,0.706,0.247,5,-17.961,1,0.0311,0,0.103,0.424,127.812,202120,4
The Lumineers,The Lumineers,Ho Hey,5BSndweF91KDqyxANsZcQH,2012,0,0.685,0.466,0,-9.074,1,0.0304,2.06e-06,0.0915,0.353,79.936,163133,4
The Weeknd,After Hours (Deluxe),Save Your Tears (Remix) (with Ariana Grande) - Bonus Track,1oFAF1hdPOickyHgbuRjyX,2020,81,0.65,0.825,0,-4.645,1,0.0325,2.44e-05,0.0936,0.593,118.091,191014,4
Fetty Wap,679 (feat. Remy Boyz),679 (feat. Remy Boyz),5NQbUaeTEOGdD6hHcre0dZ,2015,73,0.618,0.717,7,-5.738,1,0.318,0,0.625,0.603,190.05,196693,4
Galantis,Pharmacy,Runaway (U & I),46lFttIf5hnUZMGvjK0Wxo,2015,73,0.506,0.805,1,-4.119,1,0.0469,0.00193,0.0856,0.383,126.008,227074,4
Adele,25,Send My Love (To Your New Lover),4BHzQ9C00ceJxfG16AlNWb,2016,0,0.69,0.524,6,-8.39,0,0.103,3.16e-06,0.17,0.562,164.023,223080,4
Justin Timberlake,Mirrors,Mirrors,03gqZZavMKhWbSjdQvpF6O,2013,0,0.344,0.509,5,-6.607,0,0.0722,0,0.083,0.529,76.004,485360,4
Daft Punk,Get Lucky (feat. Pharrell Williams & Nile Rodgers) [Radio Edit],Get Lucky (feat. Pharrell Williams & Nile Rodgers) - Radio Edit,2Foc5Q5nqNiosCNqttzHof,2013,81,0.794,0.811,6,-8.966,0,0.038,1.07e-06,0.101,0.862,116.047,248413,4
Swedish House Mafia,Don't You Worry Child,Don't You Worry Child - Radio Edit,2V65y3PX4DkRhy1djlxd9p,2012,80,0.612,0.84,11,-3.145,0,0.0509,0,0.116,0.438,129.042,212862,4
Of Monsters and Men,Into The Woods,Little Talks,0uZ0orE84drZZzPKxCWSmR,2011,0,0.455,0.786,1,-5.16,1,0.0338,0,0.145,0.416,103.172,267693,4
Ariana Grande,Dangerous Woman,Dangerous Woman,7l94dyN2hX9c6wWcZQuOGJ,2016,1,0.664,0.602,4,-5.369,0,0.0412,0,0.356,0.289,134.049,235947,3
fun.,Some Nights,We Are Young (feat. Janelle Monáe),7a86XRg84qjasly9f6bPSD,2012,73,0.378,0.638,10,-5.576,1,0.075,7.66e-05,0.0849,0.735,184.086,250627,4
Miley Cyrus,Bangerz (Deluxe Version),We Can't Stop,2y4lAQpi5VTNLu2ldeTdUH,2013,77,0.613,0.622,1,-5.794,0,0.0334,0,0.37,0.484,80.003,231240,4
Ed Sheeran,+,The A Team,1VdZ0vKfR5jneCmWIUAMxK,2011,73,0.642,0.289,9,-9.918,1,0.0367,0,0.18,0.407,84.996,258373,4
Imagine Dragons,Night Visions (Deluxe),On Top Of The World,6KuHjfXHkfnIjdmcIvt9r0,2012,68,0.635,0.926,0,-5.589,1,0.151,4.53e-06,0.0928,0.761,100.048,189840,4
Meghan Trainor,Title (Deluxe),Like I'm Gonna Lose You (feat. John Legend),2YlZnw2ikdb837oKMKjBkW,2015,78,0.63,0.53,0,-7.259,1,0.0434,0,0.177,0.417,108.038,225053,3
DRAM,Broccoli,Broccoli,0qy5D3OJre7SPJNMOL9I71,2016,67,0.886,0.525,8,-7.39,1,0.132,0,0.057,0.708,145.99,225205,4
M83,Hurry Up We're Dreaming,Midnight City,36lqt57OHqk48BVFzPDEKt,2011,0,0.521,0.752,11,-5.374,0,0.0369,0,0.0682,0.3,105.051,243960,4
Bruno Mars,Unorthodox Jukebox,Treasure,55h7vJchibLdUkxdlX3fK7,2012,79,0.874,0.692,5,-5.28,0,0.0431,7.24e-05,0.324,0.937,116.017,178560,4
A$AP Rocky,TESTING,Praise The Lord (Da Shine) (feat. Skepta),7ycWLEP1GsNjVvcjawXz3z,2018,81,0.854,0.569,5,-8.151,0,0.106,0.0816,0.1,0.294,80.015,205040,4
Coldplay,Mylo Xyloto,Paradise,6nek1Nin9q48AVZcWs9e9D,2011,83,0.449,0.585,5,-6.761,1,0.0268,8.75e-05,0.0833,0.212,139.631,278719,4
One Direction,Midnight Memories (Deluxe),Story of My Life,4nVBt6MZDDP6tRVdQTgxJg,2013,82,0.6,0.663,3,-5.802,1,0.0477,0,0.119,0.286,121.07,245493,4
Eminem,The Marshall Mathers LP2,Rap God,7xB3TwyZMOnKcF50RIXh5b,2013,45,0.708,0.843,7,-2.66,1,0.314,0,0.799,0.625,148.14,363521,4
Avicii,Levels,Levels - Radio Edit,5QjJgPU8AJeickx34f7on6,2011,15,0.605,0.873,1,-5.938,0,0.0344,0.837,0.314,0.476,126.026,199904,4
Edward Sharpe & The Magnetic Zeros,Up From Below,Home,6ZapsNk1ZpaebNXAIohP9R,2009,0,0.542,0.589,2,-6.623,1,0.0318,0.000522,0.177,0.137,111.665,303200,4
A$AP Rocky,LONG.LIVE.A$AP (Deluxe Version),"F**kin' Problems (feat. Drake, 2 Chainz & Kendrick Lamar)",4XoP1AkbOurU9CeZ2rMEz2,2013,1,0.869,0.687,1,-6.816,1,0.263,1e-06,0.114,0.668,96.006,233787,4
"Calvin Harris, Frank Ocean, Migos, Funk Wav",Funk Wav Bounces Vol.1,Slide (feat. Frank Ocean & Migos),7tr2za8SQg2CI8EDgrdtNl,2017,70,0.736,0.795,1,-3.299,0,0.0545,1.21e-06,0.254,0.511,104.066,230813,4
KYLE,iSpy (feat. Lil Yachty),iSpy (feat. Lil Yachty),2EEeOnHehOozLq4aS0n6SL,2016,71,0.746,0.653,7,-6.745,1,0.289,0,0.229,0.672,75.016,253107,4
Kanye West,Late Registration,Gold Digger,1PS1QMdUqOal0ai3Gt7sDQ,2005,79,0.629,0.696,1,-5.572,0,0.348,0,0.0554,0.623,93.034,207627,4
Migos,Culture,Bad and Boujee (feat. Lil Uzi Vert),4Km5HrUvYTaSUfiSGPJeQR,2017,9,0.926,0.666,11,-5.314,1,0.244,0,0.123,0.168,127.079,343150,4
Big Sean,I Decided.,Bounce Back,0SGkqnVQo9KPytSri1H6cF,2017,69,0.78,0.575,1,-5.628,0,0.139,0,0.129,0.273,81.502,222360,4
Kanye West,My Beautiful Dark Twisted Fantasy,POWER,2gZUPNdnz5Y45eiGxpHGSc,2010,78,0.542,0.914,0,-4.747,0,0.113,0,0.744,0.576,153.993,292093,4
Cheat Codes,No Promises (feat. Demi Lovato),No Promises (feat. Demi Lovato),5lNuqFVMca4vPupY10cH0J,2017,59,0.739,0.619,10,-6.669,1,0.162,0,0.105,0.58,112.961,222787,4
"Maggie Lindemann, Cheat Codes, CADE",Pretty Girl (Cheat Codes X CADE Remix),Pretty Girl - Cheat Codes X CADE Remix,1NDxZ7cFAo481dtYWdrUnR,2017,69,0.703,0.868,7,-4.661,0,0.0291,0.132,0.104,0.733,121.03,193613,4
Post Malone,Stoney (Deluxe),Go Flex,5yuShbu70mtHXY0yLzCQLQ,2016,77,0.665,0.498,5,-8.185,1,0.0832,0,0.0757,0.127,81.967,179613,4
Smash Mouth,Astro Lounge,All Star,3cfOd4CMv2snFaKAnMdnvK,1999,78,0.731,0.867,11,-5.881,1,0.032,0,0.0861,0.776,104.019,200373,4
Cardi B,Bodak Yellow,Bodak Yellow,2771LMNxwf62FTAdpJMQfM,2017,58,0.929,0.723,11,-5.792,0,0.109,0,0.346,0.458,125.022,223962,4
Taylor Swift,reputation,Look What You Made Me Do,1P17dC1amhFzptugyAO7Il,2017,78,0.766,0.709,9,-6.471,0,0.123,1.41e-05,0.126,0.506,128.07,211853,4
Jonas Blue,Jonas Blue: Electronic Nature - The Mix 2017,Mama,0NiXXAI876aGImAd6rTj8w,2017,50,0.739,0.792,11,-4.256,0,0.0418,0,0.0516,0.547,104.016,181615,4
Shakira,El Dorado,Chantaje (feat. Maluma),6mICuAdrwEjh6Y6lroV2Kg,2017,76,0.852,0.773,8,-2.921,0,0.0776,3.05e-05,0.159,0.907,102.034,195840,4
Enrique Iglesias,SEX AND LOVE (Deluxe),Bailando - Spanish Version,32lm3769IRfcnrQV11LO4E,2014,67,0.723,0.777,7,-3.503,1,0.108,3.68e-06,0.0451,0.961,91.017,243413,4
Niall Horan,Flicker (Deluxe),Slow Hands,2cOUlop2ZakjOKe4WinesN,2017,75,0.735,0.425,0,-6.648,1,0.0464,0,0.055,0.848,85.896,188174,4
Wisin,Victory,Escápate Conmigo (feat. Ozuna),1KSqYYJFyfTecXFk9M0prc,2017,71,0.744,0.859,11,-3.166,1,0.0795,6.27e-05,0.0881,0.787,91.977,232787,4
CNCO,Primera Cita,Reggaetón Lento (Bailemos),3AEZUABDXNtecAOSC1qTfo,2016,72,0.761,0.838,4,-3.073,0,0.0502,0,0.176,0.71,93.974,222560,4
Zion & Lennox,Motivan2,Otra vez (feat. J Balvin),3QwBODjSEzelZyVjxPOHdq,2016,72,0.832,0.772,10,-5.429,1,0.1,0.000486,0.44,0.704,96.016,209453,4
Bryson Tiller,T R A P S O U L,Don't,3pXF1nA74528Edde4of9CC,2015,82,0.765,0.356,11,-5.556,0,0.195,0,0.0963,0.189,96.991,198293,4
Shaggy,Hot Shot,It Wasn't Me,1Bt6TZfF8FSqdiHPN0vy4u,2000,0,0.852,0.616,0,-4.728,1,0.0747,0,0.321,0.685,94.758,227600,4
Usher,Confessions (Expanded Edition),Yeah! (feat. Lil Jon & Ludacris),5rb9QrpfcKFHM1EUbSIurX,2004,81,0.894,0.791,2,-4.699,1,0.112,0,0.0388,0.583,105.018,250373,4
G-Eazy,The Beautiful & Damned,Him & I (with Halsey),5k38wzpLb15YgncyWdTZE4,2017,78,0.589,0.731,2,-6.343,1,0.0868,0,0.308,0.191,87.908,268867,4
"Luis Fonsi, Demi Lovato",Échame La Culpa,Échame La Culpa,2hl6q70unbviGo3g1R7uFx,2017,62,0.733,0.892,0,-3.641,1,0.0417,0,0.137,0.675,95.989,173720,4
Selena Gomez,Back To You (From 13 Reasons Why – Season 2 Soundtrack),Back To You - From 13 Reasons Why – Season 2 Soundtrack,4hQ6UGyWQIGJmHSo0J88JW,2018,74,0.601,0.724,6,-4.856,1,0.0486,1.68e-06,0.12,0.508,102.061,207905,4
Zara Larsson,So Good,Never Forget You,6hmhG1b4LEyNuashVvuIAo,2017,72,0.583,0.732,11,-5.728,0,0.0457,9.86e-06,0.269,0.276,145.992,213428,4
George Ezra,Staying at Tamara's,Shotgun,4ofwffwvvnbSkrMSCKQDaC,2018,76,0.673,0.735,5,-4.733,1,0.0457,0,0.242,0.754,115.744,201287,4
Red Hot Chili Peppers,Stadium Arcadium,Snow (Hey Oh),2aibwv5hGXSgw7Yru8IYTO,2006,79,0.427,0.9,11,-3.674,1,0.0499,1.75e-05,0.119,0.599,104.655,334667,4
Red Hot Chili Peppers,By the Way (Deluxe Edition),Can't Stop,3ZOEytgrvLwQaqXreDs2Jx,2002,80,0.618,0.938,9,-3.442,1,0.0456,0,0.167,0.875,91.455,269000,4
Khalid,Free Spirit,Talk (feat. Disclosure),6TqXcAFInzjp0bODyvrWEq,2019,70,0.9,0.4,0,-8.575,1,0.127,0,0.0599,0.346,135.984,197573,4
Becky G,MALA SANTA,Sin Pijama,62vDrkBEyJYEOFj1ScBqM7,2019,66,0.788,0.745,11,-4.417,0,0.0448,4.56e-05,0.0973,0.79,94.002,190160,4
Ozuna,Aura,Vaina Loca,48zFZh27QU5qsrBjn4C2FA,2018,73,0.754,0.805,6,-4.249,1,0.0752,0,0.203,0.555,93.982,176133,4
Lil Nas X,7 EP,Old Town Road,0F7FA14euOIX8KcbEturGH,2019,76,0.907,0.53,1,-6.112,1,0.127,2.23e-06,0.101,0.507,135.998,113000,4
Shawn Mendes,Shawn Mendes,In My Blood,2QZ7WLBE8h2y1Y5Fb8RYbH,2018,74,0.622,0.712,5,-7.321,1,0.066,0,0.13,0.487,140.025,211360,4
Lil Baby,Harder Than Ever,Yes Indeed,6vN77lE9LK6HP2DewaN6HZ,2018,82,0.963,0.346,5,-9.309,0,0.53,0,0.108,0.562,119.957,142273,4
Lizzo,Cuz I Love You (Deluxe),Truth Hurts,5qmq61DAAOUaW8AUo8xKhh,2019,61,0.715,0.624,4,-3.046,0,0.114,0,0.123,0.412,158.087,173325,4
Ariana Grande,Sweetener,God is a woman,5OCJzvD7sykQEKHH7qAC3C,2018,78,0.602,0.658,1,-5.934,1,0.0558,6e-05,0.237,0.268,145.031,197547,4
Jonas Blue,Blue,Rise,5ZSl6gDoV6bPPxzmLeneV9,2018,70,0.687,0.785,1,-4.65,1,0.0333,0,0.203,0.655,106.046,194408,4
Lady Gaga,A Star Is Born Soundtrack (Without Dialogue),Always Remember Us This Way,2rbDhOo9Fh61Bbu23T2qCk,2018,80,0.553,0.502,0,-5.972,1,0.0409,0,0.764,0.296,129.976,210200,4
Eminem,Revival,River (feat. Ed Sheeran),1cS0TgbR263ey9jn0MwD2s,2017,73,0.748,0.749,8,-5.916,0,0.516,0,0.0713,0.659,90.09,221013,4
The Animals,The Animals,House Of The Rising Sun,7BY005dacJkbO6EPiOh2wb,1964,71,0.295,0.584,9,-6.696,0,0.0345,0.218,0.0996,0.228,117.2,271280,3
"Marvin Gaye, Tammi Terrell",United,Ain't No Mountain High Enough,7tqhbajSfrz2F7E1Z75ASX,1967,81,0.663,0.6,7,-10.87,1,0.032,0,0.184,0.8,129.991,151667,4
The Rolling Stones,Aftermath,"Paint It, Black",63T7DJ1AFDD6Bn8VzG6JE8,1966,80,0.464,0.795,1,-9.267,1,0.0926,0.00244,0.399,0.612,158.691,202267,4
Creedence Clearwater Revival,Willy And The Poor Boys (Expanded Edition),Fortunate Son,4BP3uh0hFLFRb5cjsgLqDh,1969,81,0.64,0.663,0,-7.516,1,0.0374,0.00806,0.152,0.663,132.77,140773,4
Creedence Clearwater Revival,Pendulum,Have You Ever Seen The Rain,5DnT9a5IM3eMjKgXTWVJvi,1970,64,0.743,0.47,0,-13.154,1,0.029,3.15e-05,0.186,0.89,116.122,160333,4
Led Zeppelin,Led Zeppelin IV (Deluxe Edition),Stairway to Heaven - Remaster,5CQ30WqJwcep0pYcV4AMNc,1971,78,0.338,0.34,9,-12.049,0,0.0339,0.0032,0.116,0.197,82.433,482830,4
Spice Girls,Spice,Wannabe,1Je1IMUlBXcx1Fz0WE7oPT,1996,80,0.768,0.864,11,-6.145,1,0.0324,0,0.162,0.891,110.008,173027,4
System Of A Down,Toxicity,Chop Suey!,2DlHlPMa4M17kufBvI2lEN,2001,82,0.417,0.934,7,-3.908,0,0.119,0.0015,0.132,0.287,127.066,210240,4
"JAY-Z, Linkin Park",Numb / Encore: MTV Ultimate Mash-Ups Presents Collision Course,Numb / Encore,5sNESr6pQfIhL3krM8CtZn,2004,77,0.687,0.793,2,-4.254,1,0.166,0,0.582,0.751,107.045,205733,4
Drake,The Best In The World Pack,Money In The Grave (Drake ft. Rick Ross),5ry2OE6R2zPQFDO85XkgRb,2019,77,0.831,0.502,10,-4.045,0,0.046,0,0.122,0.101,100.541,205427,4
Ariana Grande,"thank u, next","break up with your girlfriend, i'm bored",4kV4N9D1iKVxx1KLvtTpjS,2019,77,0.726,0.554,5,-5.29,0,0.0917,0,0.106,0.335,169.999,190440,4
Camila Cabello,Camila,Never Be the Same,4eWQlBRaTjPPUlzacqEeoQ,2018,72,0.637,0.713,0,-4.333,1,0.0747,0.000637,0.137,0.243,129.923,226973,4
"Khalid, Normani",Love Lies (with Normani),Love Lies (with Normani),45Egmo7icyopuzJN0oMEdk,2018,73,0.708,0.648,6,-5.626,1,0.0449,0,0.134,0.338,143.955,201707,4
6ix9ine,DUMMY BOY,FEFE,2l8nEO0vsTRCRnGqQty6qx,2018,4,0.931,0.387,1,-9.127,1,0.412,0,0.136,0.376,125.978,179405,4
Whitney Houston,Whitney,I Wanna Dance with Somebody (Who Loves Me),2tUBqZG2AbRi7Q0BIrVrEj,1987,80,0.709,0.824,1,-8.824,1,0.0453,0.000307,0.0888,0.867,118.818,291293,4
Eminem,The Marshall Mathers LP2,The Monster,48RrDBpOSSl1aLVCalGl5C,2013,77,0.781,0.853,1,-3.68,0,0.0715,0,0.12,0.624,110.049,250189,4
Nirvana,Nevermind (Remastered),Come As You Are,4P5KoWXOxwuobLmHXLMobV,1991,76,0.5,0.824,4,-5.846,0,0.0388,0.00161,0.0916,0.539,120.125,218920,4
Jason Mraz,Love Is a Four Letter Word (Deluxe Edition),I Won't Give Up,53QF56cjZA9RTuuMZDrSA6,2012,69,0.483,0.303,4,-10.058,1,0.0429,0,0.115,0.139,133.406,240166,3
Lunay,Épico,Soltera - Remix,4t9a07PAghtQMRAIP9FQ7Z,2019,74,0.795,0.783,5,-4.271,1,0.0432,0,0.437,0.799,92.01,266087,4
Nicky Jam,Intimo,X,5YUyW9opqNsMSEzzecZih1,2019,73,0.594,0.749,9,-5.298,0,0.056,0.00106,0.3,0.694,179.968,172854,4
Sheck Wes,MUDBOY,Mo Bamba,1xzBco0xcoJEDXktl7Jxrr,2018,77,0.729,0.625,4,-5.266,1,0.0315,0.00986,0.248,0.261,146.034,183907,4
Mabel,Ivy To Roses (Mixtape),Don't Call Me Up,5WHTFyqSii0lmT9R21abT8,2019,76,0.674,0.881,9,-2.853,1,0.147,3.01e-06,0.0793,0.234,98.994,178480,4
Reik,Ahora,Me Niego (feat. Ozuna & Wisin),4ggiDYAkJ7Yk8d5xOr7Xjo,2019,72,0.777,0.782,0,-4.435,0,0.0907,0,0.64,0.773,94.023,221653,4
Paulo Londra,Homerun,Adan y Eva,132ALUzVLmqYB4UsBj5qD6,2019,69,0.767,0.709,1,-4.47,1,0.336,0,0.0745,0.72,171.993,256972,4
Maluma,F.A.M.E.,Felices los 4,1RouRzlg8OKFeqc6LvdxmB,2018,72,0.766,0.756,5,-5.861,1,0.132,0,0.349,0.716,94.027,230000,4
"Y2K, bbno$",Lalala,Lalala,51Fjme0JiitpyXKuyQiCDo,2019,74,0.843,0.39,2,-7.899,1,0.0846,0,0.137,0.495,129.972,160627,4
"MEDUZA, Goodboys",Piece Of Your Heart,Piece Of Your Heart,1DFD5Fotzgn6yYXkYsKiGs,2019,76,0.677,0.744,10,-6.806,0,0.0295,0.00016,0.074,0.631,124.08,152913,4
Disclosure,Settle (Deluxe),Latch,1DunhgeZSEgWiIYbHqXl0c,2013,70,0.729,0.735,1,-5.455,1,0.0919,0.000193,0.089,0.544,121.986,255867,4
Lauv,~how i'm feeling~,i'm so tired...,4vjpLMyL3ZO6aphdYr8XYw,2020,75,0.576,0.736,11,-7.572,1,0.224,0,0.238,0.484,101.928,162587,4
Nico & Vinz,Black Star Elephant,Am I Wrong,1fidCEsYlaVE3pHwKCvpFZ,2014,76,0.729,0.675,8,-6.003,1,0.0312,1.58e-06,0.55,0.779,119.968,245867,4
Aminé,Good For You,Caroline,5hTpBe8h35rJ67eAWHQsJx,2017,73,0.94,0.335,5,-10.179,0,0.505,0,0.262,0.707,120.04,209640,4
Shawn Mendes,Shawn Mendes (Deluxe),If I Can't Have You,2bT1PH7Cw3J9p3t7nlXCdh,2019,72,0.691,0.823,2,-4.197,1,0.0623,0,0.134,0.87,123.935,191467,4
Billie Eilish,dont smile at me,idontwannabeyouanymore,41zXlQxzTi6cGAjpOXyLYH,2017,80,0.483,0.412,7,-8.461,1,0.0402,0,0.116,0.247,170.163,203569,3
The Beatles,Abbey Road (Remastered),Here Comes The Sun - Remastered 2009,6dGnYIeXmHdcikdzNNDMm2,1969,81,0.557,0.54,9,-10.484,1,0.0347,0.00248,0.179,0.394,129.171,185733,4
Imagine Dragons,Origins (Deluxe),Bad Liar,2RSHsoi04658QL5xgQVov3,2018,80,0.383,0.637,3,-6.993,1,0.0703,0,0.368,0.0827,177.913,260773,4
Capital Cities,In A Tidal Wave Of Mystery (Deluxe Edition),Safe And Sound,6Z8R6UsFuGXGtiIxiD8ISb,2013,82,0.655,0.819,0,-4.852,1,0.0316,0.00374,0.104,0.766,117.956,192790,5
blink-182,Enema Of The State,All The Small Things,2m1hi0nfMR9vdGC8UcrnwU,1999,81,0.434,0.897,0,-4.918,1,0.0488,0,0.612,0.684,148.726,167067,4
The Verve,Urban Hymns (Remastered 2016),Bitter Sweet Symphony,57iDDD9N9tTWe75x6qhStw,1997,78,0.356,0.917,9,-6.006,1,0.0479,0,0.406,0.518,171.176,357267,4
Queen,A Day At The Races (Deluxe Remastered Version),Somebody To Love - Remastered 2011,6cFZ4PLC19taNlpl9pbGMf,1976,67,0.497,0.693,8,-7.024,1,0.0565,0,0.215,0.358,111.539,296493,3
Aerosmith,I Don't Want To Miss A Thing EP,"I Don't Want to Miss a Thing - From ""Armageddon"" Soundtrack",6lEuFGrUqR9Yc6hSsHPnYP,1998,75,0.39,0.649,2,-5.163,1,0.0345,0,0.216,0.144,121.16,299760,4
Taylor Swift,Lover,ME! (feat. Brendon Urie of Panic! At The Disco),2Rk4JlNc2TPmZe2af99d45,2019,76,0.61,0.83,0,-4.105,1,0.0571,0,0.118,0.728,182.162,193000,4
Adele,21,Set Fire to the Rain,3CKCZ9pfwAfoMZlMncA1Nc,2011,1,0.61,0.683,2,-3.879,0,0.0253,1.79e-06,0.125,0.466,108.003,241693,4
Elton John,Honky Chateau,"Rocket Man (I Think It's Going To Be A Long, Long Time)",3gdewACMIVMEWVbyb8O9sY,1972,80,0.601,0.532,10,-9.119,1,0.0286,6.25e-06,0.0925,0.341,136.571,281613,4
Sam Hunt,SOUTHSIDE,Body Like A Back Road,7FpBQ067pHB67deawpbbcY,2020,69,0.736,0.458,5,-7.437,1,0.0316,0,0.148,0.65,98.977,162547,4
Adele,19,Make You Feel My Love,5FgPwJ7Nh2FVmIXviKl2VF,2008,72,0.317,0.172,10,-10.636,1,0.0326,0.000383,0.105,0.0963,65.18,212040,3
"Ariana Grande, Justin Bieber",Stuck with U,Stuck with U (with Justin Bieber),4HBZA5flZLE435QTztThqH,2020,82,0.597,0.45,8,-6.658,1,0.0418,0,0.382,0.537,178.765,228482,3
Taylor Swift,Lover,You Need To Calm Down,6RRNNciQGZEXnqk8SQ9yv5,2019,76,0.771,0.671,2,-5.617,1,0.0553,0,0.0637,0.714,85.026,171360,4
Red Hot Chili Peppers,Californication (Deluxe Edition),Otherside,64BbK9SFKH2jk86U3dGj2P,1999,79,0.458,0.795,0,-3.265,1,0.0574,0.000202,0.0756,0.513,123.229,255373,4
Fleetwood Mac,Rumours (Super Deluxe),The Chain - 2004 Remaster,5e9TFTbltYBg2xThimr0rU,1977,79,0.545,0.67,9,-8.81,1,0.0496,0.000822,0.0451,0.481,151.553,270213,4
Fleetwood Mac,Rumours (Super Deluxe),Go Your Own Way - 2004 Remaster,4xh7W7tlNMIczFhupCPniY,1977,67,0.586,0.941,5,-5.139,1,0.0375,0.000776,0.068,0.831,135.448,223613,4
Electric Light Orchestra,Out of the Blue,Mr. Blue Sky,2RlgNHKcydI9sayD2Df2xp,1977,79,0.388,0.338,10,-10.054,1,0.0329,3.73e-06,0.248,0.478,177.765,303373,4
BENEE,Hey u x,Supalonely (feat. Gus Dapperton),3GZoWLVbmxcBys6g0DLFLf,2020,61,0.862,0.631,7,-4.746,1,0.0515,0.000209,0.123,0.841,128.978,223488,4
Plain White T's,All That We Needed,Hey There Delilah,4RCWB3V8V0dignt99LZ8vH,2005,78,0.656,0.291,2,-10.572,1,0.0293,0,0.114,0.298,103.971,232533,4
Lady Gaga,Chromatica,Rain On Me (with Ariana Grande),7ju97lgwC2rKQ6wwsf9no9,2020,76,0.672,0.855,9,-3.764,1,0.0397,0,0.323,0.646,123.056,182200,4
Lady Gaga,The Fame Monster (Deluxe Edition),Bad Romance,0SiywuOBRcynK0uKGWdCnn,2009,82,0.696,0.921,0,-3.755,1,0.0363,5.24e-05,0.0842,0.714,119.001,294573,4
Lady Gaga,The Fame,Poker Face,5R8dQOPq8haW94K7mgERlO,2008,75,0.851,0.806,4,-4.62,1,0.0787,1.64e-06,0.121,0.787,118.999,237200,4
Flo Rida,Wild Ones,Wild Ones (feat. Sia),1NpW5kyvO4XrNJ3rnfcNy3,2012,76,0.608,0.86,5,-5.324,0,0.0554,0,0.262,0.437,127.075,232947,4
3 Doors Down,The Better Life,Kryptonite,6ZOBP3NvffbU4SZcrnt1k6,2000,79,0.545,0.865,11,-5.708,0,0.0286,1.1e-05,0.168,0.543,99.009,233933,4
Petit Biscuit,Presence,Sunset Lover,3WRQUvzRvBDr4AxMWhXc5E,2017,65,0.785,0.525,6,-7.556,1,0.042,0.439,0.114,0.251,90.853,238907,4
Kina,Get You The Moon (feat. Snøw),Get You The Moon (feat. Snøw),4ZLzoOkj0MPWrTLvooIuaa,2018,79,0.498,0.235,1,-16.541,0,0.188,0,0.144,0.0895,118.917,179080,4
J Balvin,JOSE,UN DIA (ONE DAY),66x45Yh9x397PWpxMX0ZDT,2021,66,0.58,0.695,6,-8.244,0,0.0671,0,0.174,0.402,168.124,232147,4
DJ Snake,Carte Blanche,Loco Contigo (feat. J. Balvin & Tyga),6osaMSJh9NguagEDQcZaKx,2019,73,0.694,0.758,11,-2.986,1,0.218,1.34e-06,0.102,0.371,192.091,185195,4
"MEDUZA, Becky Hill, Goodboys",Lose Control,Lose Control,7CHi4DtfK4heMlQaudCuHK,2019,77,0.598,0.526,10,-8.659,0,0.0415,0,0.14,0.529,123.935,168387,4
Dua Lipa,Future Nostalgia,Physical,7toYVidBIpAmM8Ife3LGrP,2020,57,0.647,0.844,0,-3.756,1,0.0457,0.000658,0.102,0.746,146.967,193829,4
Justin Bieber,Justice,Holy (feat. Chance The Rapper),6Xgq7MvZiet0hVi3KaDSgJ,2021,69,0.67,0.693,6,-8.34,1,0.35,0,0.0909,0.388,87.017,212093,4
Black Eyed Peas,TRANSLATION,RITMO (Bad Boys For Life),5NyS3oxTlos3Agl2YtZwrC,2020,63,0.732,0.716,10,-6.968,0,0.0561,0.000758,0.73,0.666,105.093,214855,4
Black Eyed Peas,Elephunk,Where Is The Love?,3CNqo3gYrfexdrtjFmC9he,2003,7,0.834,0.696,5,-3.224,1,0.197,0,0.13,0.804,94.09,272533,4
Lewis Capaldi,Divinely Uninspired To A Hellish Extent,Bruises,4Of7rzpRpV1mWRbhp5rAqG,2019,80,0.736,0.308,4,-7.83,1,0.0677,0,0.186,0.361,111.202,220492,4
Leona Lewis,Spirit,Bleeding Love,7wZUrN8oemZfsEd1CGkbXE,2007,74,0.638,0.656,5,-5.886,1,0.0357,0,0.146,0.225,104.036,262467,4
Rihanna,Unapologetic (Deluxe Version),Stay,2QTcJmSgeLRtG1c82ZYHQc,2013,48,0.621,0.31,9,-10.164,0,0.0283,6.12e-05,0.117,0.125,111.893,240707,4
Rihanna,Unapologetic (Deluxe Version),Diamonds,6FkEkYhCB2hUI3hASA39O8,2013,19,0.564,0.71,11,-4.92,0,0.0461,0,0.109,0.393,91.972,225147,4
Bruno Mars,Doo-Wops & Hooligans,Grenade,2tJulUYLDKOg9XrtVkMgcJ,2010,77,0.704,0.558,2,-7.273,0,0.0542,0,0.107,0.245,110.444,222091,4
Meghan Trainor,Title (Deluxe),All About That Bass,5jE48hhRu8E6zBDPRSkEq7,2015,74,0.807,0.887,9,-3.726,1,0.0503,2.87e-06,0.124,0.961,134.052,187920,4
Alicia Keys,The Diary Of Alicia Keys,If I Ain't Got You,3XVBdLihbNbxUwZosxcGuJ,2003,79,0.609,0.444,7,-9.129,1,0.106,6.86e-06,0.104,0.166,118.402,228707,3
Alicia Keys,As I Am (Expanded Edition),No One,6IwKcFdiRQZOWeYNhUiWIv,2007,77,0.644,0.549,1,-5.415,0,0.0285,8.85e-06,0.134,0.167,90.04,253813,4
"JP Saxe, Julia Michaels",If the World Was Ending (feat. Julia Michaels),If the World Was Ending (feat. Julia Michaels),2kJwzbxV2ppxnQoYw4GLBZ,2019,77,0.464,0.473,1,-10.086,1,0.129,0,0.109,0.604,75.801,208687,4
One Direction,Up All Night,What Makes You Beautiful,4cluDES4hQEUhmXj6TXkSo,2012,83,0.726,0.787,4,-2.494,1,0.0737,0,0.0596,0.888,124.99,199987,4
James Blunt,Back to Bedlam,You're Beautiful,0vg4WnUWvze6pBOJDTq99k,2005,75,0.675,0.479,0,-9.87,0,0.0278,1.76e-05,0.088,0.454,81.998,209493,4
Jack Johnson,In Between Dreams,Better Together,4VywXu6umkIQ2OS0m1I79y,2005,69,0.868,0.347,5,-9.529,1,0.0536,2e-05,0.11,0.659,110.059,207680,4
Dominic Fike,"Don't Forget About Me, Demos",3 Nights,0uI7yAKUf52Cn7y3sYyjiX,2018,70,0.815,0.518,7,-6.594,0,0.0897,0,0.104,0.877,151.891,177667,4
Doja Cat,Boss Bitch,Boss Bitch,78qd8dvwea0Gosb6Fe6j3k,2020,77,0.707,0.955,10,-4.593,0,0.222,0,0.202,0.575,125.989,134240,4
BØRNS,Dopamine,Electric Love,2GiJYvgVaD2HtM8GqD9EgQ,2015,80,0.611,0.797,6,-7.627,0,0.0533,0.00137,0.26,0.518,120.041,218107,4
Kygo,Golden Hour,Higher Love,1kKYjjfNYxE0YYgLa7vgVY,2020,69,0.693,0.678,8,-7.159,1,0.0324,5.71e-06,0.101,0.404,103.952,228267,4
Owl City,Ocean Eyes,Fireflies,3DamFFqW32WihKkTVlwTYQ,2009,78,0.512,0.662,3,-6.797,1,0.0439,0,0.118,0.472,180.114,228347,4
Juice WRLD,Legends Never Die,Come & Go (with Marshmello),2Y0wPrPQBrGhoLn14xRYCG,2020,79,0.625,0.814,0,-5.181,1,0.0657,0,0.158,0.535,144.991,205485,4
Pop Smoke,Shoot For The Stars Aim For The Moon,What You Know Bout Love,1tkg4EHVoqnhR6iFEXb60y,2020,80,0.709,0.548,10,-8.493,1,0.353,1.59e-06,0.133,0.543,83.995,160000,4
Tiësto,The London Sessions,Jackie Chan,4vvnuJlgBeNVwq3TNmLMNX,2020,63,0.747,0.833,3,-2.867,0,0.045,0,0.0586,0.687,128.008,215760,4
"Zac Efron, Zendaya",Rewrite The Stars,Rewrite The Stars,630sXRhIcfwr2e4RdNtjKN,2017,73,0.684,0.619,10,-7.005,1,0.0386,0,0.122,0.284,125.046,217440,4
Harry Styles,Fine Line,Falling,1ZMiCix7XSAbfAJlEZWMCp,2019,83,0.567,0.267,4,-6.502,1,0.0299,1.46e-06,0.089,0.0592,110.011,240133,4
Pop Smoke,Meet The Woo,Dior,79s5XnCN4TJKTVMSmOx8Ep,2019,82,0.548,0.805,7,-5.732,1,0.351,0.000389,0.408,0.648,142.094,216387,4
Jack Harlow,Sweet Action,WHATS POPPIN,1jaTQ3nqY3oAAYyCTbIvnM,2020,76,0.923,0.604,11,-6.671,0,0.245,0,0.272,0.826,145.062,139741,4
Ed Sheeran,No.6 Collaborations Project,South of the Border (feat. Camila Cabello & Cardi B),4vUmTMuQqjdnvlZmAH61Qk,2019,75,0.857,0.621,9,-6.376,0,0.0825,0,0.0865,0.668,97.989,204467,4
Surf Mesa,ily (i love you baby) (feat. Emilee),ily (i love you baby) (feat. Emilee),62aP9fBQKYKxi7PDXwcUAS,2019,76,0.674,0.774,11,-7.567,0,0.0892,0.00188,0.393,0.33,112.05,176547,4
Green Day,Dookie,Basket Case,6L89mwZXSOwYl76YXfX13s,1994,80,0.442,0.943,3,-3.205,1,0.0602,8.71e-06,0.091,0.781,85.064,181533,4
U2,The Joshua Tree (Super Deluxe),With Or Without You - Remastered,6ADSaE87h8Y3lccZlBJdXH,1987,78,0.54,0.429,2,-11.822,1,0.0285,0.355,0.141,0.113,110.171,295516,4
Daniel Caesar,Freudian,Get You (feat. Kali Uchis),7zFXmv6vqI4qOt4yGf3jYZ,2017,79,0.658,0.294,4,-8.533,0,0.0321,5.2e-05,0.0749,0.358,74.038,278180,4
Destiny's Child,The Writing's On The Wall,Say My Name,7H6ev70Weq6DdpZyyTmUXk,1999,75,0.713,0.678,5,-3.525,0,0.102,0,0.149,0.734,138.009,271333,4
The Kid LAROI,F*CK LOVE (SAVAGE),WITHOUT YOU,27OeeYzk6klgBh83TSvGMA,2020,78,0.662,0.413,0,-7.357,1,0.0299,0,0.134,0.467,93.005,161385,4
Van Morrison,Blowin' Your Mind!,Brown Eyed Girl,3yrSvpt2l1xhsV9Em88Pul,1967,79,0.491,0.583,7,-10.964,1,0.0376,0,0.406,0.908,150.566,183307,4
Avicii,AVĪCI (01),Without You (feat. Sandro Cavazza),6Pgkp4qUoTmJIPn7ReaGxL,2017,77,0.662,0.858,2,-4.844,1,0.0428,0,0.0456,0.295,133.993,181673,4
Taio Cruz,The Rokstarr Hits Collection,Dynamite,2CEgGE6aESpnmtfiZwYlbV,2010,79,0.751,0.783,4,-3.724,1,0.0859,0,0.036,0.816,119.975,202613,4
Pitbull,Planet Pit (Deluxe Version),"Give Me Everything (feat. Ne-Yo, Afrojack & Nayer)",4QNpBfC0zvjKqPJcyqBy9W,2011,81,0.671,0.939,8,-3.206,1,0.161,0,0.298,0.53,129.024,252307,4
Gym Class Heroes,The Papercut Chronicles II,Stereo Hearts (feat. Adam Levine),0qOnSQQF0yzuPWsXrQ9paz,2011,81,0.646,0.795,9,-3.293,1,0.0976,0,0.267,0.796,89.99,210960,4
The Neighbourhood,Wiped Out!,Daddy Issues,5E30LdtzQTGqRvNd7l6kG5,2015,86,0.588,0.521,10,-9.461,1,0.0329,0.149,0.123,0.337,85.012,260173,4
One Direction,FOUR (Deluxe),Night Changes,5O2P9iiztwhomNh8xkR9lJ,2014,87,0.672,0.52,8,-7.747,1,0.0353,0,0.115,0.37,120.001,226600,4
Chris Brown,Indigo,No Guidance (feat. Drake),6XHVuErjQ4XNm6nDPVCxVX,2019,79,0.696,0.454,1,-6.756,0,0.153,0,0.155,0.136,92.928,260640,4
"Riton, Nightcrawlers, Mufasa & Hypeman, Dopamine",Friday (feat. Mufasa & Hypeman) [Dopamine Re-Edit],Friday (feat. Mufasa & Hypeman) - Dopamine Re-Edit,4cG7HUWYHBV6R6tHn1gxrl,2021,81,0.824,0.862,2,-3.424,1,0.126,0.000132,0.303,0.801,122.98,169153,4
"Tyler, The Creator",IGOR,EARFQUAKE,5hVghJ4KaYES3BFUATCYn0,2019,80,0.554,0.498,9,-8.866,1,0.0685,5.98e-06,0.795,0.413,79.635,190067,4
Beyoncé,Dangerously In Love,Crazy In Love (feat. Jay-Z),5IVuqXILoxVWvWEPm82Jxr,2003,77,0.646,0.77,2,-6.596,0,0.226,0,0.0715,0.681,99.165,236133,4
Guns N' Roses,Use Your Illusion I,November Rain,3YRCqOhFifThpSRFJ1VWFM,1991,80,0.294,0.641,11,-9.316,1,0.0291,0.22,0.112,0.226,79.759,536067,4
Guns N' Roses,Appetite For Destruction,Paradise City,6eN1f9KNmiWEhpE2RhQqB5,1987,72,0.268,0.98,11,-5.958,1,0.103,0.00709,0.182,0.395,100.315,405600,4
Dennis Lloyd,Nevermind,Nevermind,63SevszngYpZOwf63o61K4,2017,74,0.6,0.688,5,-8.339,0,0.201,1.29e-05,0.409,0.0793,99.977,156600,4
Kings of Leon,Only By The Night,Use Somebody,5VGlqQANWDKJFl0MBG3sg2,2008,76,0.276,0.715,0,-5.356,1,0.0432,0.000417,0.201,0.173,137.028,230760,4
Dire Straits,Dire Straits,Sultans of Swing,6cr6UDpkjEaMQ80OjWqEBQ,1978,66,0.73,0.868,5,-7.325,1,0.0288,0.0661,0.318,0.923,148.217,350400,4
Metallica,Metallica (Remastered),Nothing Else Matters (Remastered),2CtemffYhT0DJWcT1XW047,1991,70,0.547,0.394,4,-9.793,0,0.0262,6.4e-06,0.0795,0.17,142.37,388733,3
Eminem,Recovery,Not Afraid,7Ie9W94M7OjPoZVV216Xus,2010,80,0.855,0.954,0,-1.19,0,0.264,0,0.205,0.668,114.635,248133,5
Giveon,TAKE TIME,Heartbreak Anniversary,3FAJ6O0NOHQV8Mc5Ri6ENp,2020,83,0.449,0.465,0,-8.964,1,0.0791,1.02e-06,0.303,0.543,89.087,198371,3
Flo Rida,Mail on Sunday,Low (feat. T-Pain),0CAfXk7DXMnon4gLudAp7J,2008,80,0.918,0.609,10,-5.64,0,0.0791,0,0.139,0.304,128.008,231400,4
ABBA,Arrival,Dancing Queen,0GjEhVFGZW8afUYGChu3Rr,1976,82,0.543,0.87,9,-6.514,1,0.0428,0.000939,0.792,0.754,100.804,230400,4
Måneskin,Teatro d'ira - Vol. I,I WANNA BE YOUR SLAVE,4pt5fDVTg5GhEvEtlz9dKk,2021,82,0.75,0.608,1,-4.008,1,0.0387,0,0.178,0.958,132.507,173347,4
Justin Timberlake,FutureSex/LoveSounds,SexyBack (feat. Timbaland),0O45fw2L5vsWpdsOdXwNAR,2006,77,0.967,0.583,7,-5.562,0,0.0789,0,0.0519,0.964,117.0,242733,4
Fleetwood Mac,Tango In the Night (Deluxe Edition),Everywhere - 2017 Remaster,254bXAqt3zP6P50BdQvEsq,1987,77,0.73,0.487,4,-10.991,1,0.0303,0.01,0.0852,0.731,114.965,226653,4
Aerosmith,Aerosmith,Dream On,5MxNLUsfh7uzROypsoO5qe,1973,83,0.307,0.433,1,-10.057,1,0.029,9.08e-05,0.332,0.224,160.9,266960,4
Nickelback,Silver Side Up,How You Remind Me,0gmbgwZ8iqyMPmXefof8Yf,2001,79,0.446,0.764,10,-5.042,1,0.033,0,0.099,0.543,172.094,223840,4
Duncan Laurence,Small Town Boy (Track By Track),Arcade,1J14CdDAvBTE1AJYUOwl6C,2020,75,0.453,0.35,9,-11.639,0,0.0425,0.00122,0.144,0.279,72.017,185147,3
Empire of the Sun,Walking On A Dream (10th Anniversary Edition),Walking On A Dream,5r5cp9IpziiIsR6b93vcnQ,2008,78,0.871,0.701,5,-5.594,0,0.0458,7.52e-06,0.0589,0.716,126.975,198440,4
B.o.B,B.o.B Presents: The Adventures of Bobby Ray,Airplanes (feat. Hayley Williams of Paramore),6lV2MSQmRIkycDScNtrBXO,2010,74,0.66,0.867,6,-4.285,0,0.116,0,0.0368,0.377,93.033,180480,4
Tracy Chapman,Tracy Chapman,Fast Car,2M9ro2krNb7nr7HSprkEgo,1988,77,0.711,0.292,4,-15.523,0,0.037,0,0.131,0.194,103.951,296800,4
Doja Cat,Planet Her,Need to Know,3Vi5XqYrmQgOYBajMWSvCi,2021,82,0.664,0.609,1,-6.509,1,0.0707,0,0.0926,0.194,130.041,210560,4
Doja Cat,Hot Pink,Streets,60ynsPSSKe6O3sfwRnIBRf,2019,82,0.749,0.463,11,-8.433,1,0.0842,0.0382,0.338,0.189,90.035,226987,4
American Authors,"Oh, What A Life",Best Day Of My Life,5Hroj5K7vLpIG4FNCRIjbP,2014,78,0.673,0.902,2,-2.392,1,0.0346,0.000262,0.0558,0.538,100.012,194240,4
Simple Minds,Once Upon A Time (Super Deluxe),Don't You (Forget About Me),3fH4KjXFYMmljxrcGrbPj9,1985,75,0.66,0.816,2,-6.61,1,0.0299,0.0181,0.0608,0.678,111.346,263040,4
Jimmy Eat World,Bleed American,The Middle,6GG73Jik4jUlQCkKg9JuGO,2001,80,0.643,0.849,2,-5.428,1,0.0526,0,0.058,0.903,162.152,165853,4
Arctic Monkeys,Favourite Worst Nightmare (Standard Version),505,58ge6dfP91o9oXMzq3XkIS,2007,81,0.52,0.852,0,-5.866,1,0.0543,5.79e-05,0.0733,0.234,140.267,253587,4
Avril Lavigne,Let Go,Complicated,5xEM5hIgJ1jjgcEBfpkt2F,2002,79,0.585,0.776,5,-5.898,1,0.0459,7.74e-06,0.3,0.427,77.987,244507,4
Boston,Boston,More Than a Feeling,1QEEqeFIZktqIpPI4jSVSF,1976,78,0.377,0.681,7,-8.039,1,0.0298,0.0023,0.0504,0.285,108.789,285133,4
Eminem,The Marshall Mathers LP,Stan,3UmaczJpikHgJFyBTAJVoz,2000,84,0.78,0.768,6,-4.325,0,0.238,2.34e-06,0.518,0.507,80.063,404107,4
J. Cole,2014 Forest Hills Drive,Wet Dreamz,4tqcoej1zPvwePZCzuAjJd,2014,83,0.495,0.722,6,-8.108,0,0.357,0,0.113,0.539,175.627,239267,4
XXXTENTACION,17,Revenge,5TXDeTFVRVY7Cvt0Dw4vWW,2017,87,0.746,0.251,11,-16.169,0,0.259,0.00203,0.106,0.18,139.999,120027,4
XXXTENTACION,?,the remedy for a broken heart (why am I so in love),4UKCKdYiLN6IMA5ZESUTL7,2018,78,0.699,0.304,1,-11.192,1,0.0993,0.000993,0.137,0.271,119.705,160184,4
GAYLE,a study of the human experience volume one,abcdefu,1NXNflQNN6rwbmDRYoi6qO,2022,29,0.695,0.54,4,-5.688,1,0.0491,0,0.369,0.415,121.947,168552,4
Fall Out Boy,From Under The Cork Tree,"Sugar, We're Goin Down",2TfSHkHiFO4gRztVIkggkE,2005,77,0.494,0.842,7,-4.784,1,0.0843,0,0.122,0.574,162.011,229093,4
Kanye West,808s & Heartbreak,Heartless,4EWCNWgDS8707fNSZ1oaA5,2008,84,0.79,0.647,10,-5.983,0,0.136,0,0.248,0.654,87.999,211000,4
Taylor Swift,Lover,Lover,1dGr1c8CrMLDpV6mPbImSI,2019,84,0.359,0.543,7,-7.582,1,0.0919,1.58e-05,0.118,0.453,68.534,221307,4
Jack Harlow,Come Home The Kids Miss You,First Class,0wHFktze2PHC5jDt3B17DC,2022,82,0.902,0.582,5,-5.902,0,0.109,3.18e-06,0.111,0.332,107.005,173948,4
Nicki Minaj,Pink Friday (Complete Edition),Super Bass,3hlksXnvbKogFdPbpO9vel,2010,78,0.723,0.86,11,-4.357,1,0.203,4.56e-06,0.598,0.667,126.979,200013,4
Rick Astley,Whenever You Need Somebody,Never Gonna Give You Up,4cOdK2wGLETKBW3PvgPWqT,1987,79,0.721,0.939,8,-11.823,1,0.0376,3.79e-05,0.108,0.914,113.309,213573,4
KISS,Dynasty,I Was Made For Lovin' You,07q0QVgO56EorrSGHC48y3,1979,81,0.768,0.852,4,-6.215,1,0.038,7.36e-05,0.0723,0.867,128.373,271240,4
George Michael,Ladies And Gentlemen... The Best Of George Michael,Careless Whisper,4jDmJ51x1o9NZB5Nxxc7gY,1998,79,0.574,0.628,2,-8.815,0,0.036,0,0.271,0.803,153.119,300107,4
Enrique Iglesias,FINAL (Vol.1),SUBEME LA RADIO (feat. Descemer Bueno & Zion & Lennox),0mnAmQX1pciMncT2qFCNmK,2021,63,0.689,0.808,0,-3.28,1,0.0572,0,0.241,0.674,91.012,207680,4
Coldplay,Music Of The Spheres,My Universe,46HNZY1i7O6jwTA7Slo2PI,2021,80,0.573,0.711,1,-6.268,0,0.0406,0,0.328,0.47,105.006,226198,4
Katy Perry,Teenage Dream,Last Friday Night (T.G.I.F.),3avYqdwHKEq8beXbeWCKqJ,2010,73,0.652,0.812,3,-3.797,0,0.0409,3.01e-05,0.667,0.72,126.023,230733,4
Lil Nas X,MONTERO,THATS WHAT I WANT,0e8nrvls4Qqv5Rfa2UhqmO,2021,85,0.737,0.846,1,-4.51,0,0.22,0,0.0486,0.546,87.981,143901,4
AC/DC,Back In Black,You Shook Me All Night Long,2SiXAy7TuUkycRVbbWDEpo,1980,80,0.532,0.767,7,-5.509,1,0.0574,0.000513,0.39,0.755,127.361,210173,4
Kali Uchis,Sin Miedo (del Amor y Otros Demonios) ∞,telepatía,6tDDoYIxWvMLTdKpjFkc1B,2020,81,0.653,0.524,11,-9.016,0,0.0502,0,0.203,0.553,83.97,160191,4
BLACKPINK,THE ALBUM,How You Like That,4SFknyjLcyTLJFPKD2m96o,2020,76,0.812,0.761,11,-5.222,1,0.0812,0.000135,0.0601,0.344,130.032,182956,4
"Fort Minor, Styles Of Beyond",The Rising Tied,Remember the Name (feat. Styles of Beyond),6ndmKwWqMozN2tcZqzCX4K,2005,73,0.688,0.835,8,-4.162,1,0.0911,2.87e-06,0.0795,0.88,84.858,230493,4
